Time,Symbol,Timeframe,Bias,Action,Entry Price,SL,TP,Exit Price,PnL,R:R,Result
2024-11-20 07:45:00-05:00,XAUUSD,15min,bullish,buy,2622.75,2620.72,2626.81,2626.81,4.06,2.0,Win
2024-11-20 09:20:00-05:00,XAUUSD,15min,bullish,buy,2626.88,2622.01,2636.62,2636.62,9.74,2.0,Win
2024-11-20 09:15:00-05:00,XAUUSD,15min,bullish,buy,2628.36,2622.01,2641.06,2641.06,12.7,2.0,Win
2024-11-20 09:50:00-05:00,XAUUSD,15min,bullish,buy,2629.78,2626.66,2636.02,2636.02,6.24,2.0,Win
2024-11-20 11:15:00-05:00,XAUUSD,15min,bullish,buy,2635.35,2633.03,2639.99,2639.99,4.64,2.0,Win
2024-11-20 11:10:00-05:00,XAUUSD,15min,bullish,buy,2636.81,2633.03,2644.37,2644.37,7.56,2.0,Win
2024-11-20 11:50:00-05:00,XAUUSD,15min,bullish,buy,2641.66,2633.66,2657.66,2657.66,16.0,2.0,Win
2024-11-20 12:25:00-05:00,XAUUSD,15min,bullish,buy,2644.48,2640.26,2652.92,2652.92,8.44,2.0,Win
2024-11-20 13:15:00-05:00,XAUUSD,15min,bullish,buy,2646.59,2642.85,2654.07,2654.07,7.48,2.0,Win
2024-11-20 14:20:00-05:00,XAUUSD,15min,bullish,buy,2650.97,2647.43,2658.05,2647.43,-3.54,1.0,Loss
2024-11-20 16:05:00-05:00,XAUUSD,15min,bearish,sell,2649.41,2650.58,2647.07,2650.58,-1.17,1.0,Loss
2024-11-20 16:45:00-05:00,XAUUSD,15min,bullish,buy,2650.92,2647.75,2657.26,2647.75,-3.17,1.0,Loss
2024-11-21 03:20:00-05:00,XAUUSD,15min,bullish,buy,2658.42,2654.26,2666.74,2666.74,8.32,2.0,Win
2024-11-21 05:45:00-05:00,XAUUSD,15min,bullish,buy,2667.59,2661.66,2679.45,2661.66,-5.93,1.0,Loss
2024-11-21 06:55:00-05:00,XAUUSD,15min,bearish,sell,2667.25,2671.47,2658.81,2671.47,-4.22,1.0,Loss
2024-11-21 10:40:00-05:00,XAUUSD,15min,bullish,buy,2664.97,2660.18,2674.55,2674.55,9.58,2.0,Win
2024-11-21 11:35:00-05:00,XAUUSD,15min,bullish,buy,2668.31,2663.73,2677.47,2663.73,-4.58,1.0,Loss
2024-11-21 12:40:00-05:00,XAUUSD,15min,bullish,buy,2667.48,2661.24,2679.96,2661.24,-6.24,1.0,Loss
2024-11-21 14:20:00-05:00,XAUUSD,15min,bearish,sell,2664.07,2668.62,2654.97,2668.62,-4.55,1.0,Loss
2024-11-21 15:35:00-05:00,XAUUSD,15min,bearish,sell,2670.59,2673.25,2665.27,2673.25,-2.66,1.0,Loss
2024-11-22 03:10:00-05:00,XAUUSD,15min,bullish,buy,2687.1,2682.67,2695.96,2695.96,8.86,2.0,Win
2024-11-22 04:00:00-05:00,XAUUSD,15min,bullish,buy,2690.81,2685.55,2701.33,2701.33,10.52,2.0,Win
2024-11-22 04:55:00-05:00,XAUUSD,15min,bullish,buy,2696.23,2690.17,2708.35,2708.35,12.12,2.0,Win
2024-11-22 06:45:00-05:00,XAUUSD,15min,bullish,buy,2702.14,2693.24,2719.94,2693.24,-8.9,1.0,Loss
2024-11-22 09:55:00-05:00,XAUUSD,15min,bullish,buy,2701.48,2696.83,2710.78,2696.83,-4.65,1.0,Loss
2024-11-22 12:30:00-05:00,XAUUSD,15min,bullish,buy,2697.61,2687.93,2716.97,2716.97,19.36,2.0,Win
2024-11-22 12:50:00-05:00,XAUUSD,15min,bullish,buy,2701.37,2694.04,2716.03,2694.04,-7.33,1.0,Loss
2024-11-22 13:50:00-05:00,XAUUSD,15min,bullish,buy,2703.9,2700.37,2710.96,2710.96,7.06,2.0,Win
2024-11-22 15:15:00-05:00,XAUUSD,15min,bullish,buy,2708.06,2703.22,2717.74,2703.22,-4.84,1.0,Loss
2024-11-22 16:05:00-05:00,XAUUSD,15min,bullish,buy,2709.44,2707.79,2712.74,2707.79,-1.65,1.0,Loss
2024-11-25 05:20:00-05:00,XAUUSD,15min,bearish,sell,2668.95,2673.8,2659.25,2673.8,-4.85,1.0,Loss
2024-11-25 06:45:00-05:00,XAUUSD,15min,bearish,sell,2672.95,2675.43,2667.99,2675.43,-2.48,1.0,Loss
2024-11-25 08:25:00-05:00,XAUUSD,15min,bullish,buy,2682.27,2669.9,2707.01,2669.9,-12.37,1.0,Loss
2024-11-25 13:10:00-05:00,XAUUSD,15min,bearish,sell,2630.64,2638.74,2614.44,2638.74,-8.1,1.0,Loss
2024-11-25 16:20:00-05:00,XAUUSD,15min,bearish,sell,2622.07,2622.3,2621.61,2622.3,-0.23,1.0,Loss
2024-11-25 15:40:00-05:00,XAUUSD,15min,bearish,sell,2618.92,2629.15,2598.46,2629.15,-10.23,1.0,Loss
2024-11-26 05:15:00-05:00,XAUUSD,15min,bearish,sell,2617.47,2619.51,2613.39,2613.39,4.08,2.0,Win
2024-11-26 05:10:00-05:00,XAUUSD,15min,bearish,sell,2615.11,2622.58,2600.17,2622.58,-7.47,1.0,Loss
2024-11-26 06:25:00-05:00,XAUUSD,15min,bullish,buy,2619.59,2612.09,2634.59,2634.59,15.0,2.0,Win
2024-11-26 06:45:00-05:00,XAUUSD,15min,bullish,buy,2623.97,2612.7,2646.51,2646.51,22.54,2.0,Win
2024-11-26 07:25:00-05:00,XAUUSD,15min,bullish,buy,2628.01,2622.62,2638.79,2638.79,10.78,2.0,Win
2024-11-26 07:40:00-05:00,XAUUSD,15min,bullish,buy,2630.41,2622.91,2645.41,2622.91,-7.5,1.0,Loss
2024-11-26 08:35:00-05:00,XAUUSD,15min,bullish,buy,2630.68,2627.09,2637.86,2637.86,7.18,2.0,Win
2024-11-26 11:20:00-05:00,XAUUSD,15min,bearish,sell,2630.12,2634.65,2621.06,2621.06,9.06,2.0,Win
2024-11-26 12:35:00-05:00,XAUUSD,15min,bearish,sell,2627.72,2628.66,2625.84,2628.66,-0.94,1.0,Loss
2024-11-26 12:30:00-05:00,XAUUSD,15min,bullish,buy,2625.61,2616.36,2644.11,2644.11,18.5,2.0,Win
2024-11-26 15:55:00-05:00,XAUUSD,15min,bearish,sell,2623.7,2624.91,2621.28,2624.91,-1.21,1.0,Loss
2024-11-26 16:10:00-05:00,XAUUSD,15min,bullish,buy,2624.79,2619.2,2635.97,2635.97,11.18,2.0,Win
2024-11-26 16:55:00-05:00,XAUUSD,15min,bullish,buy,2627.64,2623.69,2635.54,2635.54,7.9,2.0,Win
2024-11-27 03:30:00-05:00,XAUUSD,15min,bullish,buy,2642.53,2638.61,2650.37,2650.37,7.84,2.0,Win
2024-11-27 06:05:00-05:00,XAUUSD,15min,bullish,buy,2650.55,2645.05,2661.55,2645.05,-5.5,1.0,Loss
2024-11-27 08:45:00-05:00,XAUUSD,15min,bullish,buy,2648.99,2643.01,2660.95,2643.01,-5.98,1.0,Loss
2024-11-27 09:50:00-05:00,XAUUSD,15min,bullish,buy,2650.41,2649.11,2653.01,2653.01,2.6,2.0,Win
2024-11-27 17:15:00-05:00,XAUUSD,15min,bearish,sell,2637.15,2638.73,2633.99,2638.73,-1.58,1.0,Loss
2024-11-28 03:55:00-05:00,XAUUSD,15min,bullish,buy,2635.71,2631.52,2644.09,2644.09,8.38,2.0,Win
2024-11-28 04:30:00-05:00,XAUUSD,15min,bullish,buy,2637.11,2633.69,2643.95,2643.95,6.84,2.0,Win
2024-11-28 06:05:00-05:00,XAUUSD,15min,bullish,buy,2641.88,2636.15,2653.34,2636.15,-5.73,1.0,Loss
2024-11-28 13:10:00-05:00,XAUUSD,15min,bearish,sell,2640.01,2641.31,2637.41,2641.31,-1.3,1.0,Loss
2024-11-28 12:45:00-05:00,XAUUSD,15min,bearish,sell,2637.97,2643.38,2627.15,2643.38,-5.41,1.0,Loss
2024-11-28 13:20:00-05:00,XAUUSD,15min,bullish,buy,2639.38,2635.93,2646.28,2635.93,-3.45,1.0,Loss
2024-11-28 13:40:00-05:00,XAUUSD,15min,bullish,buy,2640.4,2637.3,2646.6,2637.3,-3.1,1.0,Loss
2024-11-29 03:30:00-05:00,XAUUSD,15min,bullish,buy,2663.19,2659.98,2669.61,2659.98,-3.21,1.0,Loss
2024-11-29 03:35:00-05:00,XAUUSD,15min,bullish,buy,2663.32,2660.21,2669.54,2660.21,-3.11,1.0,Loss
2024-11-29 06:40:00-05:00,XAUUSD,15min,bullish,buy,2657.74,2655.51,2662.2,2662.2,4.46,2.0,Win
2024-11-29 07:20:00-05:00,XAUUSD,15min,bullish,buy,2660.84,2657.4,2667.72,2657.4,-3.44,1.0,Loss
2024-11-29 11:05:00-05:00,XAUUSD,15min,bullish,buy,2660.64,2656.02,2669.88,2656.02,-4.62,1.0,Loss
2024-11-29 11:35:00-05:00,XAUUSD,15min,bearish,sell,2657.85,2662.77,2648.01,2648.01,9.84,2.0,Win
2024-11-29 13:05:00-05:00,XAUUSD,15min,bullish,buy,2657.06,2651.21,2668.76,2651.21,-5.85,1.0,Loss
2024-11-29 14:45:00-05:00,XAUUSD,15min,bullish,buy,2659.4,2657.17,2663.86,2657.17,-2.23,1.0,Loss
2024-12-02 03:45:00-05:00,XAUUSD,15min,bearish,sell,2625.8,2627.69,2622.02,2627.69,-1.89,1.0,Loss
2024-12-02 05:45:00-05:00,XAUUSD,15min,bearish,sell,2629.62,2632.81,2623.24,2632.81,-3.19,1.0,Loss
2024-12-02 07:15:00-05:00,XAUUSD,15min,bearish,sell,2634.51,2637.38,2628.77,2637.38,-2.87,1.0,Loss
2024-12-02 08:25:00-05:00,XAUUSD,15min,bullish,buy,2638.72,2633.61,2648.94,2648.94,10.22,2.0,Win
2024-12-02 09:05:00-05:00,XAUUSD,15min,bullish,buy,2640.11,2636.86,2646.61,2646.61,6.5,2.0,Win
2024-12-02 09:10:00-05:00,XAUUSD,15min,bullish,buy,2642.31,2636.86,2653.21,2636.86,-5.45,1.0,Loss
2024-12-02 09:15:00-05:00,XAUUSD,15min,bullish,buy,2642.2,2636.86,2652.88,2636.86,-5.34,1.0,Loss
2024-12-02 10:30:00-05:00,XAUUSD,15min,bullish,buy,2643.15,2636.96,2655.53,2636.96,-6.19,1.0,Loss
2024-12-02 15:55:00-05:00,XAUUSD,15min,bearish,sell,2636.62,2637.81,2634.24,2637.81,-1.19,1.0,Loss
2024-12-03 03:35:00-05:00,XAUUSD,15min,bullish,buy,2646.88,2638.53,2663.58,2638.53,-8.35,1.0,Loss
2024-12-03 08:30:00-05:00,XAUUSD,15min,bullish,buy,2644.02,2642.35,2647.36,2642.35,-1.67,1.0,Loss
2024-12-03 11:35:00-05:00,XAUUSD,15min,bullish,buy,2648.12,2646.04,2652.28,2646.04,-2.08,1.0,Loss
2024-12-03 11:30:00-05:00,XAUUSD,15min,bullish,buy,2650.94,2644.87,2663.08,2644.87,-6.07,1.0,Loss
2024-12-03 13:30:00-05:00,XAUUSD,15min,bullish,buy,2641.81,2635.95,2653.53,2635.95,-5.86,1.0,Loss
2024-12-03 14:15:00-05:00,XAUUSD,15min,bullish,buy,2644.9,2641.64,2651.42,2641.64,-3.26,1.0,Loss
2024-12-03 15:10:00-05:00,XAUUSD,15min,bullish,buy,2645.25,2643.12,2649.51,2643.12,-2.13,1.0,Loss
2024-12-03 17:15:00-05:00,XAUUSD,15min,bearish,sell,2642.12,2644.35,2637.66,2637.66,4.46,2.0,Win
2024-12-04 03:40:00-05:00,XAUUSD,15min,bearish,sell,2649.13,2650.83,2645.73,2650.83,-1.7,1.0,Loss
2024-12-04 06:40:00-05:00,XAUUSD,15min,bullish,buy,2640.57,2638.32,2645.07,2645.07,4.5,2.0,Win
2024-12-04 08:25:00-05:00,XAUUSD,15min,bullish,buy,2644.57,2640.08,2653.55,2640.08,-4.49,1.0,Loss
2024-12-04 08:55:00-05:00,XAUUSD,15min,bullish,buy,2645.55,2643.26,2650.13,2643.26,-2.29,1.0,Loss
2024-12-04 10:30:00-05:00,XAUUSD,15min,bullish,buy,2641.32,2632.05,2659.86,2632.05,-9.27,1.0,Loss
2024-12-04 11:50:00-05:00,XAUUSD,15min,bullish,buy,2649.19,2644.93,2657.71,2644.93,-4.26,1.0,Loss
2024-12-04 11:40:00-05:00,XAUUSD,15min,bullish,buy,2650.61,2644.93,2661.97,2644.93,-5.68,1.0,Loss
2024-12-04 12:35:00-05:00,XAUUSD,15min,bullish,buy,2652.83,2648.41,2661.67,2648.41,-4.42,1.0,Loss
2024-12-04 15:20:00-05:00,XAUUSD,15min,bullish,buy,2651.23,2648.9,2655.89,2648.9,-2.33,1.0,Loss
2024-12-04 16:20:00-05:00,XAUUSD,15min,bullish,buy,2650.27,2646.6,2657.61,2646.6,-3.67,1.0,Loss
2024-12-04 16:35:00-05:00,XAUUSD,15min,bullish,buy,2651.99,2646.6,2662.77,2646.6,-5.39,1.0,Loss
2024-12-05 05:00:00-05:00,XAUUSD,15min,bullish,buy,2648.53,2646.83,2651.93,2646.83,-1.7,1.0,Loss
2024-12-05 06:05:00-05:00,XAUUSD,15min,bearish,sell,2644.27,2647.35,2638.11,2647.35,-3.08,1.0,Loss
2024-12-05 06:45:00-05:00,XAUUSD,15min,bullish,buy,2644.05,2641.6,2648.95,2648.95,4.9,2.0,Win
2024-12-05 07:15:00-05:00,XAUUSD,15min,bullish,buy,2646.44,2641.67,2655.98,2641.67,-4.77,1.0,Loss
2024-12-05 07:35:00-05:00,XAUUSD,15min,bullish,buy,2648.18,2644.14,2656.26,2644.14,-4.04,1.0,Loss
2024-12-05 09:00:00-05:00,XAUUSD,15min,bullish,buy,2650.19,2647.87,2654.83,2647.87,-2.32,1.0,Loss
2024-12-05 09:00:00-05:00,XAUUSD,15min,bullish,buy,2650.7,2647.87,2656.36,2647.87,-2.83,1.0,Loss
2024-12-05 09:50:00-05:00,XAUUSD,15min,bullish,buy,2649.97,2647.11,2655.69,2647.11,-2.86,1.0,Loss
2024-12-05 13:25:00-05:00,XAUUSD,15min,bullish,buy,2637.65,2631.5,2649.95,2631.5,-6.15,1.0,Loss
2024-12-05 15:45:00-05:00,XAUUSD,15min,bullish,buy,2627.32,2623.33,2635.3,2623.33,-3.99,1.0,Loss
2024-12-05 16:10:00-05:00,XAUUSD,15min,bullish,buy,2629.27,2623.33,2641.15,2623.33,-5.94,1.0,Loss
2024-12-06 03:55:00-05:00,XAUUSD,15min,bullish,buy,2638.86,2635.82,2644.94,2644.94,6.08,2.0,Win
2024-12-06 05:05:00-05:00,XAUUSD,15min,bullish,buy,2638.14,2635.83,2642.76,2642.76,4.62,2.0,Win
2024-12-06 08:10:00-05:00,XAUUSD,15min,bearish,sell,2635.45,2640.45,2625.45,2640.45,-5.0,1.0,Loss
2024-12-06 08:45:00-05:00,XAUUSD,15min,bullish,buy,2636.61,2632.09,2645.65,2632.09,-4.52,1.0,Loss
2024-12-06 13:15:00-05:00,XAUUSD,15min,bullish,buy,2636.56,2633.27,2643.14,2633.27,-3.29,1.0,Loss
2024-12-06 13:30:00-05:00,XAUUSD,15min,bullish,buy,2638.16,2633.27,2647.94,2633.27,-4.89,1.0,Loss
2024-12-06 15:30:00-05:00,XAUUSD,15min,bearish,sell,2635.43,2639.27,2627.75,2639.27,-3.84,1.0,Loss
2024-12-09 04:35:00-05:00,XAUUSD,15min,bullish,buy,2646.56,2641.67,2656.34,2656.34,9.78,2.0,Win
2024-12-09 06:55:00-05:00,XAUUSD,15min,bullish,buy,2654.78,2648.41,2667.52,2667.52,12.74,2.0,Win
2024-12-09 08:00:00-05:00,XAUUSD,15min,bearish,sell,2656.86,2658.7,2653.18,2658.7,-1.84,1.0,Loss
2024-12-09 11:05:00-05:00,XAUUSD,15min,bullish,buy,2662.81,2654.48,2679.47,2679.47,16.66,2.0,Win
2024-12-09 11:35:00-05:00,XAUUSD,15min,bullish,buy,2666.39,2660.95,2677.27,2660.95,-5.44,1.0,Loss
2024-12-09 12:30:00-05:00,XAUUSD,15min,bullish,buy,2670.06,2668.62,2672.94,2672.94,2.88,2.0,Win
2024-12-10 04:00:00-05:00,XAUUSD,15min,bullish,buy,2668.91,2665.48,2675.77,2665.48,-3.43,1.0,Loss
2024-12-10 08:00:00-05:00,XAUUSD,15min,bullish,buy,2671.7,2664.72,2685.66,2685.66,13.96,2.0,Win
2024-12-10 09:40:00-05:00,XAUUSD,15min,bullish,buy,2674.91,2671.37,2681.99,2681.99,7.08,2.0,Win
2024-12-10 09:15:00-05:00,XAUUSD,15min,bullish,buy,2675.73,2669.42,2688.35,2688.35,12.62,2.0,Win
2024-12-10 10:05:00-05:00,XAUUSD,15min,bullish,buy,2675.87,2673.62,2680.37,2673.62,-2.25,1.0,Loss
2024-12-10 14:05:00-05:00,XAUUSD,15min,bullish,buy,2691.09,2685.84,2701.59,2701.59,10.5,2.0,Win
2024-12-10 14:50:00-05:00,XAUUSD,15min,bullish,buy,2692.85,2690.27,2698.01,2698.01,5.16,2.0,Win
2024-12-11 06:40:00-05:00,XAUUSD,15min,bearish,sell,2692.64,2694.54,2688.84,2694.54,-1.9,1.0,Loss
2024-12-11 07:55:00-05:00,XAUUSD,15min,bearish,sell,2695.29,2700.08,2685.71,2700.08,-4.79,1.0,Loss
2024-12-11 08:30:00-05:00,XAUUSD,15min,bullish,buy,2695.21,2692.0,2701.63,2692.0,-3.21,1.0,Loss
2024-12-11 10:40:00-05:00,XAUUSD,15min,bullish,buy,2696.71,2690.42,2709.29,2709.29,12.58,2.0,Win
2024-12-11 13:40:00-05:00,XAUUSD,15min,bullish,buy,2713.64,2710.86,2719.2,2719.2,5.56,2.0,Win
2024-12-11 16:35:00-05:00,XAUUSD,15min,bearish,sell,2717.68,2718.12,2716.8,2718.12,-0.44,1.0,Loss
2024-12-11 16:50:00-05:00,XAUUSD,15min,bullish,buy,2717.07,2713.06,2725.09,2725.09,8.02,2.0,Win
2024-12-12 05:25:00-05:00,XAUUSD,15min,bearish,sell,2718.15,2720.13,2714.19,2714.19,3.96,2.0,Win
2024-12-12 05:20:00-05:00,XAUUSD,15min,bearish,sell,2717.36,2720.13,2711.82,2711.82,5.54,2.0,Win
2024-12-12 05:30:00-05:00,XAUUSD,15min,bullish,buy,2717.07,2714.61,2721.99,2714.61,-2.46,1.0,Loss
2024-12-12 08:40:00-05:00,XAUUSD,15min,bullish,buy,2710.05,2707.17,2715.81,2707.17,-2.88,1.0,Loss
2024-12-12 13:40:00-05:00,XAUUSD,15min,bearish,sell,2680.47,2683.91,2673.59,2683.91,-3.44,1.0,Loss
2024-12-13 04:15:00-05:00,XAUUSD,15min,bullish,buy,2686.23,2682.98,2692.73,2682.98,-3.25,1.0,Loss
2024-12-13 04:00:00-05:00,XAUUSD,15min,bullish,buy,2687.6,2682.98,2696.84,2682.98,-4.62,1.0,Loss
2024-12-13 09:15:00-05:00,XAUUSD,15min,bullish,buy,2666.72,2662.5,2675.16,2662.5,-4.22,1.0,Loss
2024-12-13 09:50:00-05:00,XAUUSD,15min,bullish,buy,2670.56,2662.5,2686.68,2662.5,-8.06,1.0,Loss
2024-12-13 12:55:00-05:00,XAUUSD,15min,bullish,buy,2658.29,2654.41,2666.05,2654.41,-3.88,1.0,Loss
2024-12-13 13:45:00-05:00,XAUUSD,15min,bearish,sell,2661.57,2664.79,2655.13,2655.13,6.44,2.0,Win
2024-12-16 04:50:00-05:00,XAUUSD,15min,bearish,sell,2653.58,2656.03,2648.68,2656.03,-2.45,1.0,Loss
2024-12-16 05:15:00-05:00,XAUUSD,15min,bearish,sell,2654.22,2656.03,2650.6,2656.03,-1.81,1.0,Loss
2024-12-16 06:10:00-05:00,XAUUSD,15min,bullish,buy,2656.67,2654.14,2661.73,2661.73,5.06,2.0,Win
2024-12-16 10:25:00-05:00,XAUUSD,15min,bearish,sell,2661.02,2664.38,2654.3,2654.3,6.72,2.0,Win
2024-12-16 10:25:00-05:00,XAUUSD,15min,bullish,buy,2661.14,2657.44,2668.54,2657.44,-3.7,1.0,Loss
2024-12-16 12:50:00-05:00,XAUUSD,15min,bullish,buy,2653.3,2650.29,2659.32,2650.29,-3.01,1.0,Loss
2024-12-16 15:35:00-05:00,XAUUSD,15min,bearish,sell,2653.77,2654.77,2651.77,2654.77,-1.0,1.0,Loss
2024-12-16 15:30:00-05:00,XAUUSD,15min,bearish,sell,2653.18,2654.77,2650.0,2654.77,-1.59,1.0,Loss
2024-12-16 15:15:00-05:00,XAUUSD,15min,bearish,sell,2652.53,2655.29,2647.01,2655.29,-2.76,1.0,Loss
2024-12-16 16:40:00-05:00,XAUUSD,15min,bearish,sell,2653.68,2655.92,2649.2,2655.92,-2.24,1.0,Loss
2024-12-17 04:10:00-05:00,XAUUSD,15min,bearish,sell,2650.26,2651.4,2647.98,2651.4,-1.14,1.0,Loss
2024-12-17 07:20:00-05:00,XAUUSD,15min,bearish,sell,2640.59,2643.38,2635.01,2643.38,-2.79,1.0,Loss
2024-12-17 09:20:00-05:00,XAUUSD,15min,bullish,buy,2640.39,2638.44,2644.29,2644.29,3.9,2.0,Win
2024-12-17 10:10:00-05:00,XAUUSD,15min,bullish,buy,2643.67,2640.16,2650.69,2640.16,-3.51,1.0,Loss
2024-12-17 11:35:00-05:00,XAUUSD,15min,bullish,buy,2638.18,2632.61,2649.32,2649.32,11.14,2.0,Win
2024-12-17 15:20:00-05:00,XAUUSD,15min,bullish,buy,2644.99,2641.3,2652.37,2641.3,-3.69,1.0,Loss
2024-12-18 07:10:00-05:00,XAUUSD,15min,bearish,sell,2647.11,2649.47,2642.39,2642.39,4.72,2.0,Win
2024-12-18 07:20:00-05:00,XAUUSD,15min,bullish,buy,2647.22,2645.31,2651.04,2645.31,-1.91,1.0,Loss
2024-12-18 09:35:00-05:00,XAUUSD,15min,bearish,sell,2646.62,2647.98,2643.9,2643.9,2.72,2.0,Win
2024-12-18 10:25:00-05:00,XAUUSD,15min,bearish,sell,2645.36,2647.73,2640.62,2640.62,4.74,2.0,Win
2024-12-18 13:20:00-05:00,XAUUSD,15min,bullish,buy,2637.28,2635.53,2640.78,2635.53,-1.75,1.0,Loss
2024-12-19 03:50:00-05:00,XAUUSD,15min,bullish,buy,2611.06,2602.84,2627.5,2602.84,-8.22,1.0,Loss
2024-12-19 05:10:00-05:00,XAUUSD,15min,bullish,buy,2615.07,2613.12,2618.97,2618.97,3.9,2.0,Win
2024-12-19 04:35:00-05:00,XAUUSD,15min,bullish,buy,2616.78,2611.28,2627.78,2611.28,-5.5,1.0,Loss
2024-12-19 05:25:00-05:00,XAUUSD,15min,bullish,buy,2616.51,2613.12,2623.29,2623.29,6.78,2.0,Win
2024-12-20 03:15:00-05:00,XAUUSD,15min,bullish,buy,2600.89,2596.21,2610.25,2610.25,9.36,2.0,Win
2024-12-20 04:10:00-05:00,XAUUSD,15min,bullish,buy,2605.52,2601.27,2614.02,2601.27,-4.25,1.0,Loss
2024-12-20 09:15:00-05:00,XAUUSD,15min,bullish,buy,2603.28,2600.52,2608.8,2600.52,-2.76,1.0,Loss
2024-12-20 10:10:00-05:00,XAUUSD,15min,bullish,buy,2603.86,2602.07,2607.44,2602.07,-1.79,1.0,Loss
2024-12-20 10:40:00-05:00,XAUUSD,15min,bullish,buy,2604.47,2599.81,2613.79,2613.79,9.32,2.0,Win
2024-12-20 11:05:00-05:00,XAUUSD,15min,bullish,buy,2610.55,2599.81,2632.03,2632.03,21.48,2.0,Win
2024-12-20 11:20:00-05:00,XAUUSD,15min,bullish,buy,2611.87,2599.81,2635.99,2635.99,24.12,2.0,Win
2024-12-20 12:25:00-05:00,XAUUSD,15min,bullish,buy,2622.98,2612.52,2643.9,2612.52,-10.46,1.0,Loss
2024-12-20 13:00:00-05:00,XAUUSD,15min,bullish,buy,2628.7,2618.53,2649.04,2618.53,-10.17,1.0,Loss
2024-12-20 14:10:00-05:00,XAUUSD,15min,bearish,sell,2626.44,2627.55,2624.22,2624.22,2.22,2.0,Win
2024-12-20 14:15:00-05:00,XAUUSD,15min,bullish,buy,2625.92,2622.23,2633.3,2622.23,-3.69,1.0,Loss
2024-12-20 14:50:00-05:00,XAUUSD,15min,bullish,buy,2624.66,2621.8,2630.38,2621.8,-2.86,1.0,Loss
2024-12-20 16:15:00-05:00,XAUUSD,15min,bullish,buy,2626.26,2623.09,2632.6,2623.09,-3.17,1.0,Loss
2024-12-23 03:40:00-05:00,XAUUSD,15min,bullish,buy,2629.42,2624.34,2639.58,2624.34,-5.08,1.0,Loss
2024-12-23 13:25:00-05:00,XAUUSD,15min,bearish,sell,2611.42,2614.32,2605.62,2614.32,-2.9,1.0,Loss
2024-12-23 13:30:00-05:00,XAUUSD,15min,bullish,buy,2610.78,2607.67,2617.0,2617.0,6.22,2.0,Win
2024-12-23 13:45:00-05:00,XAUUSD,15min,bullish,buy,2613.3,2607.67,2624.56,2624.56,11.26,2.0,Win
2024-12-24 04:10:00-05:00,XAUUSD,15min,bullish,buy,2619.65,2616.55,2625.85,2616.55,-3.1,1.0,Loss
2024-12-24 07:35:00-05:00,XAUUSD,15min,bullish,buy,2614.93,2612.75,2619.29,2612.75,-2.18,1.0,Loss
2024-12-24 12:15:00-05:00,XAUUSD,15min,bearish,sell,2611.97,2617.31,2601.29,2617.31,-5.34,1.0,Loss
2024-12-24 14:20:00-05:00,XAUUSD,15min,bearish,sell,2616.48,2617.79,2613.86,2617.79,-1.31,1.0,Loss
2024-12-26 03:20:00-05:00,XAUUSD,15min,bullish,buy,2626.1,2624.12,2630.06,2624.12,-1.98,1.0,Loss
2024-12-26 05:30:00-05:00,XAUUSD,15min,bullish,buy,2625.86,2623.25,2631.08,2623.25,-2.61,1.0,Loss
2024-12-26 09:50:00-05:00,XAUUSD,15min,bullish,buy,2625.8,2624.44,2628.52,2628.52,2.72,2.0,Win
2024-12-26 11:30:00-05:00,XAUUSD,15min,bearish,sell,2624.65,2627.5,2618.95,2627.5,-2.85,1.0,Loss
2024-12-26 11:10:00-05:00,XAUUSD,15min,bearish,sell,2623.65,2629.67,2611.61,2629.67,-6.02,1.0,Loss
2024-12-26 11:30:00-05:00,XAUUSD,15min,bullish,buy,2624.67,2621.23,2631.55,2631.55,6.88,2.0,Win
2024-12-26 11:25:00-05:00,XAUUSD,15min,bullish,buy,2625.35,2621.23,2633.59,2633.59,8.24,2.0,Win
2024-12-26 13:05:00-05:00,XAUUSD,15min,bullish,buy,2631.99,2633.03,2629.91,2629.91,-2.08,2.0,Win
2024-12-26 15:10:00-05:00,XAUUSD,15min,bullish,buy,2630.52,2627.5,2636.56,2627.5,-3.02,1.0,Loss
2024-12-26 15:35:00-05:00,XAUUSD,15min,bullish,buy,2633.53,2627.5,2645.59,2627.5,-6.03,1.0,Loss
2024-12-26 17:00:00-05:00,XAUUSD,15min,bullish,buy,2634.22,2632.52,2637.62,2632.52,-1.7,1.0,Loss
2024-12-26 17:05:00-05:00,XAUUSD,15min,bullish,buy,2634.91,2632.52,2639.69,2632.52,-2.39,1.0,Loss
2024-12-27 04:05:00-05:00,XAUUSD,15min,bearish,sell,2635.47,2637.35,2631.71,2637.35,-1.88,1.0,Loss
2024-12-27 11:45:00-05:00,XAUUSD,15min,bearish,sell,2615.24,2622.59,2600.54,2622.59,-7.35,1.0,Loss
2024-12-27 13:35:00-05:00,XAUUSD,15min,bearish,sell,2617.27,2619.59,2612.63,2619.59,-2.32,1.0,Loss
2024-12-27 15:05:00-05:00,XAUUSD,15min,bearish,sell,2616.57,2617.36,2614.99,2617.36,-0.79,1.0,Loss
2024-12-27 16:55:00-05:00,XAUUSD,15min,bullish,buy,2619.79,2617.09,2625.19,2617.09,-2.7,1.0,Loss
2024-12-30 06:15:00-05:00,XAUUSD,15min,bearish,sell,2613.01,2616.42,2606.19,2616.42,-3.41,1.0,Loss
2024-12-30 07:10:00-05:00,XAUUSD,15min,bearish,sell,2613.97,2617.77,2606.37,2617.77,-3.8,1.0,Loss
2024-12-30 08:20:00-05:00,XAUUSD,15min,bearish,sell,2613.45,2614.58,2611.19,2614.58,-1.13,1.0,Loss
2024-12-30 08:10:00-05:00,XAUUSD,15min,bearish,sell,2611.27,2615.46,2602.89,2615.46,-4.19,1.0,Loss
2024-12-30 09:30:00-05:00,XAUUSD,15min,bearish,sell,2617.34,2618.84,2614.34,2618.84,-1.5,1.0,Loss
2024-12-30 11:15:00-05:00,XAUUSD,15min,bearish,sell,2611.17,2622.79,2587.93,2622.79,-11.62,1.0,Loss
2024-12-30 11:50:00-05:00,XAUUSD,15min,bullish,buy,2609.11,2605.03,2617.27,2605.03,-4.08,1.0,Loss
2024-12-30 11:20:00-05:00,XAUUSD,15min,bullish,buy,2611.44,2605.03,2624.26,2605.03,-6.41,1.0,Loss
2024-12-30 13:55:00-05:00,XAUUSD,15min,bullish,buy,2598.39,2595.54,2604.09,2604.09,5.7,2.0,Win
2024-12-30 14:30:00-05:00,XAUUSD,15min,bullish,buy,2602.61,2598.3,2611.23,2611.23,8.62,2.0,Win
2024-12-30 15:35:00-05:00,XAUUSD,15min,bullish,buy,2603.15,2601.84,2605.77,2605.77,2.62,2.0,Win
2024-12-31 03:30:00-05:00,XAUUSD,15min,bullish,buy,2606.05,2602.04,2614.07,2614.07,8.02,2.0,Win
2024-12-31 05:45:00-05:00,XAUUSD,15min,bullish,buy,2614.94,2612.2,2620.42,2612.2,-2.74,1.0,Loss
2024-12-31 09:55:00-05:00,XAUUSD,15min,bullish,buy,2611.18,2609.09,2615.36,2609.09,-2.09,1.0,Loss
2024-12-31 10:45:00-05:00,XAUUSD,15min,bullish,buy,2610.11,2605.21,2619.91,2619.91,9.8,2.0,Win
2024-12-31 10:35:00-05:00,XAUUSD,15min,bullish,buy,2612.51,2605.21,2627.11,2627.11,14.6,2.0,Win
2024-12-31 11:50:00-05:00,XAUUSD,15min,bearish,sell,2612.53,2618.08,2601.43,2618.08,-5.55,1.0,Loss
2024-12-31 12:20:00-05:00,XAUUSD,15min,bullish,buy,2616.41,2611.41,2626.41,2626.41,10.0,2.0,Win
2024-12-31 12:50:00-05:00,XAUUSD,15min,bullish,buy,2619.88,2612.05,2635.54,2635.54,15.66,2.0,Win
2024-12-31 13:05:00-05:00,XAUUSD,15min,bullish,buy,2622.79,2616.56,2635.25,2635.25,12.46,2.0,Win
2024-12-31 13:45:00-05:00,XAUUSD,15min,bullish,buy,2624.43,2621.79,2629.71,2621.79,-2.64,1.0,Loss
2024-12-31 13:45:00-05:00,XAUUSD,15min,bearish,sell,2624.38,2627.03,2619.08,2627.03,-2.65,1.0,Loss
2024-12-31 15:35:00-05:00,XAUUSD,15min,bearish,sell,2624.81,2627.22,2619.99,2627.22,-2.41,1.0,Loss
2024-12-31 15:35:00-05:00,XAUUSD,15min,bullish,buy,2624.56,2622.38,2628.92,2622.38,-2.18,1.0,Loss
2025-01-02 03:35:00-05:00,XAUUSD,15min,bullish,buy,2633.38,2631.01,2638.12,2638.12,4.74,2.0,Win
2025-01-02 05:10:00-05:00,XAUUSD,15min,bullish,buy,2633.9,2632.51,2636.68,2632.51,-1.39,1.0,Loss
2025-01-02 05:50:00-05:00,XAUUSD,15min,bullish,buy,2634.8,2630.9,2642.6,2642.6,7.8,2.0,Win
2025-01-02 07:45:00-05:00,XAUUSD,15min,bullish,buy,2640.6,2632.5,2656.8,2656.8,16.2,2.0,Win
2025-01-02 11:00:00-05:00,XAUUSD,15min,bearish,sell,2640.44,2647.46,2626.4,2647.46,-7.02,1.0,Loss
2025-01-02 11:20:00-05:00,XAUUSD,15min,bullish,buy,2644.2,2636.5,2659.6,2659.6,15.4,2.0,Win
2025-01-02 12:40:00-05:00,XAUUSD,15min,bullish,buy,2650.22,2645.06,2660.54,2660.54,10.32,2.0,Win
2025-01-02 13:30:00-05:00,XAUUSD,15min,bullish,buy,2654.84,2649.82,2664.88,2664.88,10.04,2.0,Win
2025-01-02 13:35:00-05:00,XAUUSD,15min,bullish,buy,2656.02,2649.82,2668.42,2649.82,-6.2,1.0,Loss
2025-01-02 15:30:00-05:00,XAUUSD,15min,bullish,buy,2654.03,2652.34,2657.41,2657.41,3.38,2.0,Win
2025-01-02 15:20:00-05:00,XAUUSD,15min,bullish,buy,2655.41,2652.34,2661.55,2661.55,6.14,2.0,Win
2025-01-03 07:15:00-05:00,XAUUSD,15min,bullish,buy,2654.9,2652.59,2659.52,2652.59,-2.31,1.0,Loss
2025-01-03 08:20:00-05:00,XAUUSD,15min,bullish,buy,2656.56,2652.51,2664.66,2652.51,-4.05,1.0,Loss
2025-01-03 09:40:00-05:00,XAUUSD,15min,bearish,sell,2656.43,2658.6,2652.09,2652.09,4.34,2.0,Win
2025-01-03 10:50:00-05:00,XAUUSD,15min,bearish,sell,2647.47,2656.71,2628.99,2628.99,18.48,2.0,Win
2025-01-03 14:05:00-05:00,XAUUSD,15min,bearish,sell,2641.32,2644.0,2635.96,2644.0,-2.68,1.0,Loss
2025-01-03 16:35:00-05:00,XAUUSD,15min,bearish,sell,2641.27,2643.22,2637.37,2637.37,3.9,2.0,Win
2025-01-06 03:55:00-05:00,XAUUSD,15min,bullish,buy,2631.38,2629.96,2634.22,2629.96,-1.42,1.0,Loss
2025-01-06 09:15:00-05:00,XAUUSD,15min,bullish,buy,2643.15,2641.27,2646.91,2646.91,3.76,2.0,Win
2025-01-06 11:05:00-05:00,XAUUSD,15min,bearish,sell,2626.59,2646.78,2586.21,2646.78,-20.19,1.0,Loss
2025-01-06 11:45:00-05:00,XAUUSD,15min,bullish,buy,2624.26,2614.57,2643.64,2643.64,19.38,2.0,Win
2025-01-06 12:00:00-05:00,XAUUSD,15min,bullish,buy,2630.26,2614.57,2661.64,2661.64,31.38,2.0,Win
2025-01-06 13:20:00-05:00,XAUUSD,15min,bullish,buy,2635.35,2632.01,2642.03,2642.03,6.68,2.0,Win
2025-01-06 13:35:00-05:00,XAUUSD,15min,bullish,buy,2637.9,2632.01,2649.68,2649.68,11.78,2.0,Win
2025-01-07 05:10:00-05:00,XAUUSD,15min,bullish,buy,2641.02,2637.73,2647.6,2647.6,6.58,2.0,Win
2025-01-07 07:05:00-05:00,XAUUSD,15min,bullish,buy,2641.75,2639.97,2645.31,2645.31,3.56,2.0,Win
2025-01-07 08:10:00-05:00,XAUUSD,15min,bullish,buy,2644.49,2641.94,2649.59,2649.59,5.1,2.0,Win
2025-01-07 08:35:00-05:00,XAUUSD,15min,bullish,buy,2644.43,2641.86,2649.57,2649.57,5.14,2.0,Win
2025-01-07 08:50:00-05:00,XAUUSD,15min,bullish,buy,2645.84,2641.86,2653.8,2653.8,7.96,2.0,Win
2025-01-07 10:35:00-05:00,XAUUSD,15min,bullish,buy,2656.24,2648.55,2671.62,2648.55,-7.69,1.0,Loss
2025-01-07 12:15:00-05:00,XAUUSD,15min,bearish,sell,2652.38,2663.06,2631.02,2663.06,-10.68,1.0,Loss
2025-01-07 12:50:00-05:00,XAUUSD,15min,bearish,sell,2648.46,2657.46,2630.46,2657.46,-9.0,1.0,Loss
2025-01-07 13:25:00-05:00,XAUUSD,15min,bullish,buy,2650.61,2644.62,2662.59,2662.59,11.98,2.0,Win
2025-01-07 14:55:00-05:00,XAUUSD,15min,bearish,sell,2651.93,2656.02,2643.75,2656.02,-4.09,1.0,Loss
2025-01-08 03:30:00-05:00,XAUUSD,15min,bullish,buy,2650.12,2648.44,2653.48,2653.48,3.36,2.0,Win
2025-01-08 06:05:00-05:00,XAUUSD,15min,bullish,buy,2652.26,2649.4,2657.98,2649.4,-2.86,1.0,Loss
2025-01-08 09:55:00-05:00,XAUUSD,15min,bullish,buy,2650.77,2645.41,2661.49,2661.49,10.72,2.0,Win
2025-01-08 10:25:00-05:00,XAUUSD,15min,bullish,buy,2653.45,2648.44,2663.47,2663.47,10.02,2.0,Win
2025-01-08 12:00:00-05:00,XAUUSD,15min,bullish,buy,2659.15,2660.1,2657.25,2657.25,-1.9,2.0,Win
2025-01-08 11:15:00-05:00,XAUUSD,15min,bullish,buy,2660.66,2652.24,2677.5,2652.24,-8.42,1.0,Loss
2025-01-08 11:40:00-05:00,XAUUSD,15min,bullish,buy,2663.5,2656.72,2677.06,2656.72,-6.78,1.0,Loss
2025-01-08 15:05:00-05:00,XAUUSD,15min,bearish,sell,2657.36,2669.52,2633.04,2669.52,-12.16,1.0,Loss
2025-01-08 16:10:00-05:00,XAUUSD,15min,bearish,sell,2655.32,2658.18,2649.6,2658.18,-2.86,1.0,Loss
2025-01-09 07:00:00-05:00,XAUUSD,15min,bullish,buy,2664.5,2662.16,2669.18,2669.18,4.68,2.0,Win
2025-01-09 08:00:00-05:00,XAUUSD,15min,bullish,buy,2665.26,2664.4,2666.98,2666.98,1.72,2.0,Win
2025-01-09 08:40:00-05:00,XAUUSD,15min,bullish,buy,2668.1,2665.01,2674.28,2674.28,6.18,2.0,Win
2025-01-09 09:05:00-05:00,XAUUSD,15min,bullish,buy,2670.55,2666.52,2678.61,2666.52,-4.03,1.0,Loss
2025-01-09 09:55:00-05:00,XAUUSD,15min,bullish,buy,2672.86,2669.38,2679.82,2669.38,-3.48,1.0,Loss
2025-01-09 11:45:00-05:00,XAUUSD,15min,bullish,buy,2673.02,2667.13,2684.8,2667.13,-5.89,1.0,Loss
2025-01-09 14:55:00-05:00,XAUUSD,15min,bearish,sell,2665.68,2667.7,2661.64,2667.7,-2.02,1.0,Loss
2025-01-09 15:25:00-05:00,XAUUSD,15min,bullish,buy,2668.87,2662.59,2681.43,2681.43,12.56,2.0,Win
2025-01-10 05:00:00-05:00,XAUUSD,15min,bearish,sell,2675.45,2678.76,2668.83,2678.76,-3.31,1.0,Loss
2025-01-10 05:35:00-05:00,XAUUSD,15min,bullish,buy,2677.9,2673.27,2687.16,2673.27,-4.63,1.0,Loss
2025-01-10 10:20:00-05:00,XAUUSD,15min,bullish,buy,2678.07,2674.74,2684.73,2674.74,-3.33,1.0,Loss
2025-01-10 11:05:00-05:00,XAUUSD,15min,bullish,buy,2680.89,2663.56,2715.55,2663.56,-17.33,1.0,Loss
2025-01-10 14:25:00-05:00,XAUUSD,15min,bullish,buy,2693.52,2689.27,2702.02,2689.27,-4.25,1.0,Loss
2025-01-10 14:40:00-05:00,XAUUSD,15min,bullish,buy,2695.46,2692.29,2701.8,2692.29,-3.17,1.0,Loss
2025-01-10 16:25:00-05:00,XAUUSD,15min,bullish,buy,2686.23,2684.32,2690.05,2690.05,3.82,2.0,Win
2025-01-13 05:05:00-05:00,XAUUSD,15min,bearish,sell,2687.05,2689.83,2681.49,2681.49,5.56,2.0,Win
2025-01-13 10:20:00-05:00,XAUUSD,15min,bearish,sell,2669.52,2672.98,2662.6,2672.98,-3.46,1.0,Loss
2025-01-13 11:00:00-05:00,XAUUSD,15min,bullish,buy,2667.78,2663.62,2676.1,2663.62,-4.16,1.0,Loss
2025-01-13 13:40:00-05:00,XAUUSD,15min,bearish,sell,2664.86,2668.29,2658.0,2658.0,6.86,2.0,Win
2025-01-13 13:15:00-05:00,XAUUSD,15min,bullish,buy,2664.44,2660.38,2672.56,2660.38,-4.06,1.0,Loss
2025-01-13 17:05:00-05:00,XAUUSD,15min,bullish,buy,2658.97,2656.55,2663.81,2663.81,4.84,2.0,Win
2025-01-14 08:40:00-05:00,XAUUSD,15min,bullish,buy,2666.15,2664.39,2669.67,2669.67,3.52,2.0,Win
2025-01-14 09:40:00-05:00,XAUUSD,15min,bullish,buy,2667.22,2667.16,2667.34,2667.16,-0.06,1.0,Loss
2025-01-14 09:25:00-05:00,XAUUSD,15min,bullish,buy,2669.41,2665.48,2677.27,2665.48,-3.93,1.0,Loss
2025-01-14 12:10:00-05:00,XAUUSD,15min,bullish,buy,2666.93,2659.65,2681.49,2681.49,14.56,2.0,Win
2025-01-14 13:45:00-05:00,XAUUSD,15min,bullish,buy,2671.78,2669.7,2675.94,2669.7,-2.08,1.0,Loss
2025-01-14 14:35:00-05:00,XAUUSD,15min,bearish,sell,2670.97,2674.21,2664.49,2674.21,-3.24,1.0,Loss
2025-01-14 14:40:00-05:00,XAUUSD,15min,bearish,sell,2669.61,2674.21,2660.41,2674.21,-4.6,1.0,Loss
2025-01-14 15:45:00-05:00,XAUUSD,15min,bearish,sell,2670.38,2671.72,2667.7,2671.72,-1.34,1.0,Loss
2025-01-14 15:45:00-05:00,XAUUSD,15min,bullish,buy,2670.43,2666.41,2678.47,2678.47,8.04,2.0,Win
2025-01-14 16:50:00-05:00,XAUUSD,15min,bullish,buy,2673.88,2671.34,2678.96,2678.96,5.08,2.0,Win
2025-01-15 04:00:00-05:00,XAUUSD,15min,bullish,buy,2680.12,2679.37,2681.62,2681.62,1.5,2.0,Win
2025-01-15 05:05:00-05:00,XAUUSD,15min,bearish,sell,2682.27,2684.35,2678.11,2684.35,-2.08,1.0,Loss
2025-01-15 06:15:00-05:00,XAUUSD,15min,bullish,buy,2684.45,2681.63,2690.09,2690.09,5.64,2.0,Win
2025-01-15 08:50:00-05:00,XAUUSD,15min,bullish,buy,2686.38,2685.0,2689.14,2685.0,-1.38,1.0,Loss
2025-01-15 13:25:00-05:00,XAUUSD,15min,bullish,buy,2680.93,2676.76,2689.27,2689.27,8.34,2.0,Win
2025-01-15 14:15:00-05:00,XAUUSD,15min,bullish,buy,2689.86,2681.3,2706.98,2706.98,17.12,2.0,Win
2025-01-15 14:35:00-05:00,XAUUSD,15min,bullish,buy,2690.65,2685.04,2701.87,2701.87,11.22,2.0,Win
2025-01-15 16:20:00-05:00,XAUUSD,15min,bullish,buy,2693.36,2690.79,2698.5,2698.5,5.14,2.0,Win
2025-01-15 16:45:00-05:00,XAUUSD,15min,bullish,buy,2693.68,2692.06,2696.92,2696.92,3.24,2.0,Win
2025-01-16 06:35:00-05:00,XAUUSD,15min,bullish,buy,2703.1,2697.26,2714.78,2714.78,11.68,2.0,Win
2025-01-16 07:15:00-05:00,XAUUSD,15min,bullish,buy,2706.63,2702.79,2714.31,2702.79,-3.84,1.0,Loss
2025-01-16 10:30:00-05:00,XAUUSD,15min,bullish,buy,2708.56,2699.88,2725.92,2699.88,-8.68,1.0,Loss
2025-01-16 10:55:00-05:00,XAUUSD,15min,bullish,buy,2713.51,2700.86,2738.81,2700.86,-12.65,1.0,Loss
2025-01-17 05:45:00-05:00,XAUUSD,15min,bearish,sell,2711.09,2712.24,2708.79,2712.24,-1.15,1.0,Loss
2025-01-17 09:10:00-05:00,XAUUSD,15min,bullish,buy,2706.89,2703.74,2713.19,2703.74,-3.15,1.0,Loss
2025-01-17 09:25:00-05:00,XAUUSD,15min,bullish,buy,2708.88,2703.74,2719.16,2703.74,-5.14,1.0,Loss
2025-01-17 10:05:00-05:00,XAUUSD,15min,bullish,buy,2708.5,2706.8,2711.9,2706.8,-1.7,1.0,Loss
2025-01-17 11:35:00-05:00,XAUUSD,15min,bullish,buy,2706.07,2702.57,2713.07,2713.07,7.0,2.0,Win
2025-01-17 12:15:00-05:00,XAUUSD,15min,bullish,buy,2710.05,2702.57,2725.01,2702.57,-7.48,1.0,Loss
2025-01-20 05:45:00-05:00,XAUUSD,15min,bullish,buy,2705.14,2702.5,2710.42,2710.42,5.28,2.0,Win
2025-01-20 06:50:00-05:00,XAUUSD,15min,bullish,buy,2705.36,2702.65,2710.78,2710.78,5.42,2.0,Win
2025-01-20 07:00:00-05:00,XAUUSD,15min,bullish,buy,2705.65,2702.65,2711.65,2711.65,6.0,2.0,Win
2025-01-20 08:15:00-05:00,XAUUSD,15min,bullish,buy,2709.05,2706.39,2714.37,2706.39,-2.66,1.0,Loss
2025-01-20 11:40:00-05:00,XAUUSD,15min,bullish,buy,2707.5,2702.67,2717.16,2717.16,9.66,2.0,Win
2025-01-21 05:00:00-05:00,XAUUSD,15min,bullish,buy,2726.25,2723.18,2732.39,2723.18,-3.07,1.0,Loss
2025-01-21 04:45:00-05:00,XAUUSD,15min,bullish,buy,2729.36,2722.46,2743.16,2722.46,-6.9,1.0,Loss
2025-01-21 06:45:00-05:00,XAUUSD,15min,bearish,sell,2721.95,2724.26,2717.33,2717.33,4.62,2.0,Win
2025-01-21 08:45:00-05:00,XAUUSD,15min,bullish,buy,2720.49,2715.99,2729.49,2729.49,9.0,2.0,Win
2025-01-21 09:00:00-05:00,XAUUSD,15min,bullish,buy,2722.18,2715.99,2734.56,2734.56,12.38,2.0,Win
2025-01-21 10:30:00-05:00,XAUUSD,15min,bullish,buy,2726.09,2724.36,2729.55,2729.55,3.46,2.0,Win
2025-01-21 11:50:00-05:00,XAUUSD,15min,bullish,buy,2733.19,2725.05,2749.47,2749.47,16.28,2.0,Win
2025-01-21 13:25:00-05:00,XAUUSD,15min,bullish,buy,2741.29,2734.44,2754.99,2754.99,13.7,2.0,Win
2025-01-22 04:15:00-05:00,XAUUSD,15min,bullish,buy,2748.47,2745.44,2754.53,2754.53,6.06,2.0,Win
2025-01-22 05:25:00-05:00,XAUUSD,15min,bullish,buy,2750.38,2746.74,2757.66,2757.66,7.28,2.0,Win
2025-01-22 09:50:00-05:00,XAUUSD,15min,bullish,buy,2755.51,2751.4,2763.73,2751.4,-4.11,1.0,Loss
2025-01-22 10:55:00-05:00,XAUUSD,15min,bearish,sell,2755.37,2761.55,2743.01,2743.01,12.36,2.0,Win
2025-01-22 12:30:00-05:00,XAUUSD,15min,bullish,buy,2752.73,2750.23,2757.73,2757.73,5.0,2.0,Win
2025-01-22 12:35:00-05:00,XAUUSD,15min,bullish,buy,2754.61,2750.23,2763.37,2750.23,-4.38,1.0,Loss
2025-01-22 13:00:00-05:00,XAUUSD,15min,bullish,buy,2757.47,2750.23,2771.95,2750.23,-7.24,1.0,Loss
2025-01-22 16:10:00-05:00,XAUUSD,15min,bullish,buy,2756.42,2756.45,2756.36,2756.45,0.03,1.0,Loss
2025-01-23 04:50:00-05:00,XAUUSD,15min,bearish,sell,2752.64,2754.93,2748.06,2748.06,4.58,2.0,Win
2025-01-23 07:15:00-05:00,XAUUSD,15min,bearish,sell,2748.91,2747.5,2751.73,2747.5,1.41,1.0,Loss
2025-01-23 06:55:00-05:00,XAUUSD,15min,bearish,sell,2745.34,2754.09,2727.84,2754.09,-8.75,1.0,Loss
2025-01-23 08:40:00-05:00,XAUUSD,15min,bullish,buy,2752.23,2750.01,2756.67,2750.01,-2.22,1.0,Loss
2025-01-23 12:55:00-05:00,XAUUSD,15min,bullish,buy,2745.81,2741.93,2753.57,2753.57,7.76,2.0,Win
2025-01-23 12:50:00-05:00,XAUUSD,15min,bullish,buy,2747.22,2741.93,2757.8,2757.8,10.58,2.0,Win
2025-01-23 15:05:00-05:00,XAUUSD,15min,bullish,buy,2755.32,2753.53,2758.9,2753.53,-1.79,1.0,Loss
2025-01-23 14:50:00-05:00,XAUUSD,15min,bullish,buy,2757.18,2752.14,2767.26,2752.14,-5.04,1.0,Loss
2025-01-24 05:55:00-05:00,XAUUSD,15min,bullish,buy,2773.09,2769.46,2780.35,2780.35,7.26,2.0,Win
2025-01-24 10:35:00-05:00,XAUUSD,15min,bullish,buy,2780.2,2777.19,2786.22,2777.19,-3.01,1.0,Loss
2025-01-24 11:05:00-05:00,XAUUSD,15min,bullish,buy,2782.39,2779.92,2787.33,2779.92,-2.47,1.0,Loss
2025-01-24 14:20:00-05:00,XAUUSD,15min,bearish,sell,2774.43,2777.57,2768.15,2768.15,6.28,2.0,Win
2025-01-24 14:45:00-05:00,XAUUSD,15min,bullish,buy,2773.61,2770.11,2780.61,2770.11,-3.5,1.0,Loss
2025-01-24 17:20:00-05:00,XAUUSD,15min,bullish,buy,2773.6,2771.59,2777.62,2771.59,-2.01,1.0,Loss
2025-01-27 04:45:00-05:00,XAUUSD,15min,bearish,sell,2750.94,2755.33,2742.16,2755.33,-4.39,1.0,Loss
2025-01-27 06:15:00-05:00,XAUUSD,15min,bullish,buy,2759.35,2755.16,2767.73,2767.73,8.38,2.0,Win
2025-01-27 06:40:00-05:00,XAUUSD,15min,bullish,buy,2761.83,2755.16,2775.17,2755.16,-6.67,1.0,Loss
2025-01-27 08:00:00-05:00,XAUUSD,15min,bullish,buy,2765.85,2762.65,2772.25,2762.65,-3.2,1.0,Loss
2025-01-27 10:55:00-05:00,XAUUSD,15min,bearish,sell,2756.01,2762.74,2742.55,2742.55,13.46,2.0,Win
2025-01-27 12:50:00-05:00,XAUUSD,15min,bearish,sell,2742.41,2751.63,2723.97,2751.63,-9.22,1.0,Loss
2025-01-27 14:30:00-05:00,XAUUSD,15min,bearish,sell,2735.53,2741.55,2723.49,2741.55,-6.02,1.0,Loss
2025-01-27 14:35:00-05:00,XAUUSD,15min,bullish,buy,2733.76,2730.16,2740.96,2740.96,7.2,2.0,Win
2025-01-27 15:10:00-05:00,XAUUSD,15min,bullish,buy,2734.25,2731.49,2739.77,2739.77,5.52,2.0,Win
2025-01-27 16:45:00-05:00,XAUUSD,15min,bullish,buy,2738.18,2736.16,2742.22,2742.22,4.04,2.0,Win
2025-01-28 04:15:00-05:00,XAUUSD,15min,bullish,buy,2740.27,2738.82,2743.17,2738.82,-1.45,1.0,Loss
2025-01-28 10:45:00-05:00,XAUUSD,15min,bullish,buy,2747.73,2743.89,2755.41,2755.41,7.68,2.0,Win
2025-01-28 12:05:00-05:00,XAUUSD,15min,bullish,buy,2751.07,2749.47,2754.27,2754.27,3.2,2.0,Win
2025-01-28 12:00:00-05:00,XAUUSD,15min,bullish,buy,2752.05,2748.38,2759.39,2759.39,7.34,2.0,Win
2025-01-28 13:40:00-05:00,XAUUSD,15min,bullish,buy,2756.51,2754.35,2760.83,2760.83,4.32,2.0,Win
2025-01-28 15:40:00-05:00,XAUUSD,15min,bullish,buy,2761.23,2758.29,2767.11,2758.29,-2.94,1.0,Loss
2025-01-28 17:50:00-05:00,XAUUSD,15min,bullish,buy,2764.18,2761.91,2768.72,2761.91,-2.27,1.0,Loss
2025-01-29 05:00:00-05:00,XAUUSD,15min,bearish,sell,2759.06,2760.85,2755.48,2760.85,-1.79,1.0,Loss
2025-01-29 06:25:00-05:00,XAUUSD,15min,bullish,buy,2762.39,2760.24,2766.69,2760.24,-2.15,1.0,Loss
2025-01-29 11:00:00-05:00,XAUUSD,15min,bullish,buy,2757.84,2752.01,2769.5,2752.01,-5.83,1.0,Loss
2025-01-29 12:50:00-05:00,XAUUSD,15min,bullish,buy,2752.26,2748.08,2760.62,2748.08,-4.18,1.0,Loss
2025-01-29 14:00:00-05:00,XAUUSD,15min,bearish,sell,2751.01,2754.21,2744.61,2754.21,-3.2,1.0,Loss
2025-01-29 15:30:00-05:00,XAUUSD,15min,bearish,sell,2752.15,2754.47,2747.51,2747.51,4.64,2.0,Win
2025-01-30 04:45:00-05:00,XAUUSD,15min,bullish,buy,2766.91,2761.92,2776.89,2776.89,9.98,2.0,Win
2025-01-30 06:00:00-05:00,XAUUSD,15min,bullish,buy,2773.52,2769.5,2781.56,2781.56,8.04,2.0,Win
2025-01-30 07:20:00-05:00,XAUUSD,15min,bullish,buy,2776.1,2773.08,2782.14,2782.14,6.04,2.0,Win
2025-01-30 08:25:00-05:00,XAUUSD,15min,bullish,buy,2778.02,2776.8,2780.46,2776.8,-1.22,1.0,Loss
2025-01-30 09:20:00-05:00,XAUUSD,15min,bullish,buy,2777.72,2775.99,2781.18,2781.18,3.46,2.0,Win
2025-01-30 10:10:00-05:00,XAUUSD,15min,bullish,buy,2780.82,2777.47,2787.52,2787.52,6.7,2.0,Win
2025-01-30 11:15:00-05:00,XAUUSD,15min,bullish,buy,2782.55,2777.8,2792.05,2792.05,9.5,2.0,Win
2025-01-30 12:00:00-05:00,XAUUSD,15min,bullish,buy,2786.26,2779.89,2799.0,2799.0,12.74,2.0,Win
2025-01-30 13:25:00-05:00,XAUUSD,15min,bullish,buy,2790.34,2788.94,2793.14,2793.14,2.8,2.0,Win
2025-01-30 13:10:00-05:00,XAUUSD,15min,bullish,buy,2793.52,2787.03,2806.5,2806.5,12.98,2.0,Win
2025-01-30 15:10:00-05:00,XAUUSD,15min,bullish,buy,2792.35,2788.87,2799.31,2799.31,6.96,2.0,Win
2025-01-31 05:05:00-05:00,XAUUSD,15min,bullish,buy,2796.18,2795.38,2797.78,2797.78,1.6,2.0,Win
2025-01-31 04:40:00-05:00,XAUUSD,15min,bullish,buy,2797.59,2792.01,2808.75,2792.01,-5.58,1.0,Loss
2025-01-31 04:35:00-05:00,XAUUSD,15min,bullish,buy,2798.97,2792.01,2812.89,2792.01,-6.96,1.0,Loss
2025-01-31 08:00:00-05:00,XAUUSD,15min,bullish,buy,2792.77,2790.74,2796.83,2796.83,4.06,2.0,Win
2025-01-31 09:10:00-05:00,XAUUSD,15min,bullish,buy,2800.68,2794.51,2813.02,2813.02,12.34,2.0,Win
2025-01-31 14:35:00-05:00,XAUUSD,15min,bullish,buy,2807.81,2802.74,2817.95,2802.74,-5.07,1.0,Loss
2025-01-31 14:45:00-05:00,XAUUSD,15min,bullish,buy,2810.86,2802.74,2827.1,2802.74,-8.12,1.0,Loss
2025-01-31 17:45:00-05:00,XAUUSD,15min,bearish,sell,2798.4,2799.08,2797.04,2799.08,-0.68,1.0,Loss
2025-02-03 03:35:00-05:00,XAUUSD,15min,bullish,buy,2785.27,2782.43,2790.95,2790.95,5.68,2.0,Win
2025-02-03 06:15:00-05:00,XAUUSD,15min,bullish,buy,2795.31,2795.38,2795.17,2795.38,0.07,1.0,Loss
2025-02-03 08:15:00-05:00,XAUUSD,15min,bullish,buy,2799.69,2792.78,2813.51,2813.51,13.82,2.0,Win
2025-02-03 12:05:00-05:00,XAUUSD,15min,bullish,buy,2822.1,2812.69,2840.92,2812.69,-9.41,1.0,Loss
2025-02-04 05:55:00-05:00,XAUUSD,15min,bearish,sell,2814.95,2819.38,2806.09,2819.38,-4.43,1.0,Loss
2025-02-04 07:00:00-05:00,XAUUSD,15min,bullish,buy,2818.64,2813.6,2828.72,2813.6,-5.04,1.0,Loss
2025-02-04 06:55:00-05:00,XAUUSD,15min,bullish,buy,2819.79,2813.6,2832.17,2813.6,-6.19,1.0,Loss
2025-02-04 08:05:00-05:00,XAUUSD,15min,bearish,sell,2814.82,2817.38,2809.7,2817.38,-2.56,1.0,Loss
2025-02-04 10:50:00-05:00,XAUUSD,15min,bullish,buy,2828.6,2820.94,2843.92,2843.92,15.32,2.0,Win
2025-02-04 13:20:00-05:00,XAUUSD,15min,bearish,sell,2840.69,2845.79,2830.49,2845.79,-5.1,1.0,Loss
2025-02-04 13:45:00-05:00,XAUUSD,15min,bullish,buy,2840.4,2832.48,2856.24,2856.24,15.84,2.0,Win
2025-02-05 04:35:00-05:00,XAUUSD,15min,bullish,buy,2857.86,2854.62,2864.34,2864.34,6.48,2.0,Win
2025-02-05 05:05:00-05:00,XAUUSD,15min,bullish,buy,2862.18,2855.24,2876.06,2876.06,13.88,2.0,Win
2025-02-05 05:50:00-05:00,XAUUSD,15min,bullish,buy,2867.14,2863.04,2875.34,2875.34,8.2,2.0,Win
2025-02-05 08:25:00-05:00,XAUUSD,15min,bearish,sell,2868.81,2877.34,2851.75,2877.34,-8.53,1.0,Loss
2025-02-05 08:50:00-05:00,XAUUSD,15min,bullish,buy,2868.53,2864.43,2876.73,2864.43,-4.1,1.0,Loss
2025-02-05 10:05:00-05:00,XAUUSD,15min,bullish,buy,2868.49,2866.81,2871.85,2866.81,-1.68,1.0,Loss
2025-02-05 11:40:00-05:00,XAUUSD,15min,bullish,buy,2866.74,2858.22,2883.78,2858.22,-8.52,1.0,Loss
2025-02-05 12:55:00-05:00,XAUUSD,15min,bullish,buy,2878.72,2871.18,2893.8,2871.18,-7.54,1.0,Loss
2025-02-05 14:20:00-05:00,XAUUSD,15min,bullish,buy,2871.64,2866.05,2882.82,2866.05,-5.59,1.0,Loss
2025-02-05 14:10:00-05:00,XAUUSD,15min,bullish,buy,2873.66,2862.81,2895.36,2862.81,-10.85,1.0,Loss
2025-02-05 16:20:00-05:00,XAUUSD,15min,bearish,sell,2867.78,2871.32,2860.7,2860.7,7.08,2.0,Win
2025-02-05 16:30:00-05:00,XAUUSD,15min,bearish,sell,2866.19,2869.71,2859.15,2869.71,-3.52,1.0,Loss
2025-02-06 05:45:00-05:00,XAUUSD,15min,bullish,buy,2854.6,2848.44,2866.92,2866.92,12.32,2.0,Win
2025-02-06 06:40:00-05:00,XAUUSD,15min,bullish,buy,2857.48,2853.68,2865.08,2865.08,7.6,2.0,Win
2025-02-06 07:25:00-05:00,XAUUSD,15min,bullish,buy,2858.63,2855.16,2865.57,2865.57,6.94,2.0,Win
2025-02-06 08:45:00-05:00,XAUUSD,15min,bullish,buy,2863.28,2857.67,2874.5,2857.67,-5.61,1.0,Loss
2025-02-06 12:25:00-05:00,XAUUSD,15min,bullish,buy,2844.21,2833.7,2865.23,2865.23,21.02,2.0,Win
2025-02-06 13:10:00-05:00,XAUUSD,15min,bullish,buy,2851.03,2843.59,2865.91,2865.91,14.88,2.0,Win
2025-02-06 14:55:00-05:00,XAUUSD,15min,bearish,sell,2851.04,2852.41,2848.3,2852.41,-1.37,1.0,Loss
2025-02-07 05:10:00-05:00,XAUUSD,15min,bullish,buy,2864.37,2862.51,2868.09,2868.09,3.72,2.0,Win
2025-02-07 09:35:00-05:00,XAUUSD,15min,bearish,sell,2865.87,2868.27,2861.07,2861.07,4.8,2.0,Win
2025-02-07 12:45:00-05:00,XAUUSD,15min,bullish,buy,2883.53,2873.21,2904.17,2873.21,-10.32,1.0,Loss
2025-02-07 16:50:00-05:00,XAUUSD,15min,bearish,sell,2860.56,2863.67,2854.34,2854.34,6.22,2.0,Win
2025-02-10 04:50:00-05:00,XAUUSD,15min,bullish,buy,2891.53,2886.42,2901.75,2901.75,10.22,2.0,Win
2025-02-10 04:40:00-05:00,XAUUSD,15min,bullish,buy,2892.88,2885.74,2907.16,2907.16,14.28,2.0,Win
2025-02-10 05:30:00-05:00,XAUUSD,15min,bullish,buy,2894.36,2890.53,2902.02,2902.02,7.66,2.0,Win
2025-02-10 06:15:00-05:00,XAUUSD,15min,bullish,buy,2898.88,2892.65,2911.34,2911.34,12.46,2.0,Win
2025-02-10 08:45:00-05:00,XAUUSD,15min,bullish,buy,2902.86,2897.95,2912.68,2897.95,-4.91,1.0,Loss
2025-02-10 10:20:00-05:00,XAUUSD,15min,bearish,sell,2905.3,2909.24,2897.42,2897.42,7.88,2.0,Win
2025-02-10 11:25:00-05:00,XAUUSD,15min,bullish,buy,2901.11,2895.88,2911.57,2911.57,10.46,2.0,Win
2025-02-10 15:10:00-05:00,XAUUSD,15min,bullish,buy,2902.1,2896.3,2913.7,2913.7,11.6,2.0,Win
2025-02-10 15:35:00-05:00,XAUUSD,15min,bullish,buy,2904.67,2899.52,2914.97,2914.97,10.3,2.0,Win
2025-02-11 03:10:00-05:00,XAUUSD,15min,bullish,buy,2925.26,2916.7,2942.38,2916.7,-8.56,1.0,Loss
2025-02-11 05:00:00-05:00,XAUUSD,15min,bearish,sell,2913.31,2918.54,2902.85,2902.85,10.46,2.0,Win
2025-02-11 08:15:00-05:00,XAUUSD,15min,bearish,sell,2904.22,2907.32,2898.02,2898.02,6.2,2.0,Win
2025-02-11 10:50:00-05:00,XAUUSD,15min,bullish,buy,2891.98,2881.33,2913.28,2881.33,-10.65,1.0,Loss
2025-02-11 13:05:00-05:00,XAUUSD,15min,bullish,buy,2902.57,2896.17,2915.37,2896.17,-6.4,1.0,Loss
2025-02-11 14:35:00-05:00,XAUUSD,15min,bullish,buy,2904.64,2899.42,2915.08,2899.42,-5.22,1.0,Loss
2025-02-11 15:45:00-05:00,XAUUSD,15min,bearish,sell,2904.95,2907.66,2899.53,2899.53,5.42,2.0,Win
2025-02-12 03:45:00-05:00,XAUUSD,15min,bullish,buy,2888.02,2885.22,2893.62,2893.62,5.6,2.0,Win
2025-02-12 03:25:00-05:00,XAUUSD,15min,bullish,buy,2889.71,2885.22,2898.69,2885.22,-4.49,1.0,Loss
2025-02-12 04:10:00-05:00,XAUUSD,15min,bullish,buy,2890.93,2886.28,2900.23,2886.28,-4.65,1.0,Loss
2025-02-12 05:45:00-05:00,XAUUSD,15min,bullish,buy,2890.76,2887.71,2896.86,2887.71,-3.05,1.0,Loss
2025-02-12 05:40:00-05:00,XAUUSD,15min,bullish,buy,2892.54,2887.71,2902.2,2887.71,-4.83,1.0,Loss
2025-02-12 09:05:00-05:00,XAUUSD,15min,bearish,sell,2881.53,2886.27,2872.05,2872.05,9.48,2.0,Win
2025-02-12 09:50:00-05:00,XAUUSD,15min,bearish,sell,2883.21,2884.59,2880.45,2884.59,-1.38,1.0,Loss
2025-02-12 11:20:00-05:00,XAUUSD,15min,bullish,buy,2889.18,2863.73,2940.08,2940.08,50.9,2.0,Win
2025-02-12 12:30:00-05:00,XAUUSD,15min,bullish,buy,2890.9,2886.49,2899.72,2899.72,8.82,2.0,Win
2025-02-13 04:15:00-05:00,XAUUSD,15min,bearish,sell,2915.15,2917.83,2909.79,2917.83,-2.68,1.0,Loss
2025-02-13 07:50:00-05:00,XAUUSD,15min,bullish,buy,2917.98,2913.7,2926.54,2913.7,-4.28,1.0,Loss
2025-02-13 12:10:00-05:00,XAUUSD,15min,bullish,buy,2916.65,2907.46,2935.03,2935.03,18.38,2.0,Win
2025-02-13 14:40:00-05:00,XAUUSD,15min,bearish,sell,2915.57,2917.43,2911.85,2917.43,-1.86,1.0,Loss
2025-02-13 15:00:00-05:00,XAUUSD,15min,bullish,buy,2917.4,2914.3,2923.6,2923.6,6.2,2.0,Win
2025-02-13 17:05:00-05:00,XAUUSD,15min,bullish,buy,2925.21,2923.86,2927.91,2927.91,2.7,2.0,Win
2025-02-13 17:50:00-05:00,XAUUSD,15min,bullish,buy,2926.22,2924.5,2929.66,2929.66,3.44,2.0,Win
2025-02-14 11:20:00-05:00,XAUUSD,15min,bearish,sell,2925.78,2933.52,2910.3,2910.3,15.48,2.0,Win
2025-02-14 11:50:00-05:00,XAUUSD,15min,bullish,buy,2920.91,2914.17,2934.39,2914.17,-6.74,1.0,Loss
2025-02-14 11:30:00-05:00,XAUUSD,15min,bullish,buy,2923.73,2914.17,2942.85,2914.17,-9.56,1.0,Loss
2025-02-14 12:40:00-05:00,XAUUSD,15min,bearish,sell,2902.23,2923.9,2858.89,2923.9,-21.67,1.0,Loss
2025-02-14 14:05:00-05:00,XAUUSD,15min,bullish,buy,2894.1,2888.01,2906.28,2888.01,-6.09,1.0,Loss
2025-02-14 16:00:00-05:00,XAUUSD,15min,bearish,sell,2884.6,2888.31,2877.18,2877.18,7.42,2.0,Win
2025-02-14 17:20:00-05:00,XAUUSD,15min,bearish,sell,2881.48,2883.68,2877.08,2877.08,4.4,2.0,Win
2025-02-17 05:10:00-05:00,XAUUSD,15min,bullish,buy,2900.03,2898.34,2903.41,2898.34,-1.69,1.0,Loss
2025-02-17 05:55:00-05:00,XAUUSD,15min,bullish,buy,2899.16,2894.94,2907.6,2894.94,-4.22,1.0,Loss
2025-02-17 08:05:00-05:00,XAUUSD,15min,bullish,buy,2900.05,2895.4,2909.35,2895.4,-4.65,1.0,Loss
2025-02-17 09:40:00-05:00,XAUUSD,15min,bearish,sell,2898.66,2901.96,2892.06,2901.96,-3.3,1.0,Loss
2025-02-17 13:10:00-05:00,XAUUSD,15min,bullish,buy,2899.82,2897.59,2904.28,2897.59,-2.23,1.0,Loss
2025-02-17 14:10:00-05:00,XAUUSD,15min,bullish,buy,2898.22,2896.25,2902.16,2896.25,-1.97,1.0,Loss
2025-02-18 04:15:00-05:00,XAUUSD,15min,bullish,buy,2912.97,2910.49,2917.93,2910.49,-2.48,1.0,Loss
2025-02-18 05:50:00-05:00,XAUUSD,15min,bullish,buy,2911.04,2908.01,2917.1,2908.01,-3.03,1.0,Loss
2025-02-18 06:35:00-05:00,XAUUSD,15min,bullish,buy,2911.94,2909.81,2916.2,2909.81,-2.13,1.0,Loss
2025-02-18 08:05:00-05:00,XAUUSD,15min,bullish,buy,2909.71,2906.61,2915.91,2915.91,6.2,2.0,Win
2025-02-18 10:30:00-05:00,XAUUSD,15min,bullish,buy,2915.76,2912.98,2921.32,2921.32,5.56,2.0,Win
2025-02-18 10:50:00-05:00,XAUUSD,15min,bullish,buy,2918.23,2912.98,2928.73,2928.73,10.5,2.0,Win
2025-02-18 12:00:00-05:00,XAUUSD,15min,bullish,buy,2924.97,2917.42,2940.07,2940.07,15.1,2.0,Win
2025-02-18 12:20:00-05:00,XAUUSD,15min,bullish,buy,2925.81,2921.78,2933.87,2933.87,8.06,2.0,Win
2025-02-18 13:55:00-05:00,XAUUSD,15min,bullish,buy,2931.87,2924.05,2947.51,2924.05,-7.82,1.0,Loss
2025-02-18 16:15:00-05:00,XAUUSD,15min,bullish,buy,2932.11,2928.18,2939.97,2928.18,-3.93,1.0,Loss
2025-02-18 17:35:00-05:00,XAUUSD,15min,bullish,buy,2933.55,2933.89,2932.87,2933.89,0.34,1.0,Loss
2025-02-18 17:30:00-05:00,XAUUSD,15min,bullish,buy,2934.06,2934.02,2934.14,2934.02,-0.04,1.0,Loss
2025-02-18 17:00:00-05:00,XAUUSD,15min,bullish,buy,2935.31,2931.43,2943.07,2931.43,-3.88,1.0,Loss
2025-02-19 04:10:00-05:00,XAUUSD,15min,bullish,buy,2932.26,2930.37,2936.04,2936.04,3.78,2.0,Win
2025-02-19 05:50:00-05:00,XAUUSD,15min,bullish,buy,2936.19,2933.51,2941.55,2941.55,5.36,2.0,Win
2025-02-19 06:35:00-05:00,XAUUSD,15min,bullish,buy,2941.46,2936.16,2952.06,2936.16,-5.3,1.0,Loss
2025-02-19 11:10:00-05:00,XAUUSD,15min,bearish,sell,2938.24,2941.84,2931.04,2931.04,7.2,2.0,Win
2025-02-19 11:50:00-05:00,XAUUSD,15min,bearish,sell,2937.37,2939.85,2932.41,2939.85,-2.48,1.0,Loss
2025-02-19 12:00:00-05:00,XAUUSD,15min,bullish,buy,2935.24,2929.73,2946.26,2929.73,-5.51,1.0,Loss
2025-02-19 13:55:00-05:00,XAUUSD,15min,bullish,buy,2926.99,2922.95,2935.07,2922.95,-4.04,1.0,Loss
2025-02-19 16:00:00-05:00,XAUUSD,15min,bullish,buy,2922.99,2918.23,2932.51,2932.51,9.52,2.0,Win
2025-02-20 03:25:00-05:00,XAUUSD,15min,bullish,buy,2945.6,2943.03,2950.74,2950.74,5.14,2.0,Win
2025-02-20 04:00:00-05:00,XAUUSD,15min,bullish,buy,2946.62,2943.63,2952.6,2952.6,5.98,2.0,Win
2025-02-20 12:00:00-05:00,XAUUSD,15min,bullish,buy,2932.07,2924.05,2948.11,2948.11,16.04,2.0,Win
2025-02-20 11:45:00-05:00,XAUUSD,15min,bullish,buy,2935.18,2924.05,2957.44,2924.05,-11.13,1.0,Loss
2025-02-20 16:50:00-05:00,XAUUSD,15min,bearish,sell,2936.74,2942.19,2925.84,2942.19,-5.45,1.0,Loss
2025-02-21 03:30:00-05:00,XAUUSD,15min,bearish,sell,2929.19,2934.2,2919.17,2919.17,10.02,2.0,Win
2025-02-21 05:50:00-05:00,XAUUSD,15min,bearish,sell,2922.82,2931.72,2905.02,2931.72,-8.9,1.0,Loss
2025-02-21 09:35:00-05:00,XAUUSD,15min,bearish,sell,2933.43,2934.98,2930.33,2934.98,-1.55,1.0,Loss
2025-02-21 09:10:00-05:00,XAUUSD,15min,bearish,sell,2929.67,2936.39,2916.23,2936.39,-6.72,1.0,Loss
2025-02-21 10:15:00-05:00,XAUUSD,15min,bearish,sell,2932.47,2935.36,2926.69,2935.36,-2.89,1.0,Loss
2025-02-21 10:50:00-05:00,XAUUSD,15min,bearish,sell,2930.86,2934.77,2923.04,2934.77,-3.91,1.0,Loss
2025-02-21 11:50:00-05:00,XAUUSD,15min,bearish,sell,2932.68,2939.15,2919.74,2939.15,-6.47,1.0,Loss
2025-02-21 17:05:00-05:00,XAUUSD,15min,bearish,sell,2936.02,2942.73,2922.6,2922.6,13.42,2.0,Win
2025-02-24 04:15:00-05:00,XAUUSD,15min,bullish,buy,2939.49,2936.57,2945.33,2945.33,5.84,2.0,Win
2025-02-24 05:00:00-05:00,XAUUSD,15min,bullish,buy,2942.86,2938.72,2951.14,2938.72,-4.14,1.0,Loss
2025-02-24 06:00:00-05:00,XAUUSD,15min,bullish,buy,2944.49,2938.01,2957.45,2938.01,-6.48,1.0,Loss
2025-02-24 08:30:00-05:00,XAUUSD,15min,bullish,buy,2940.61,2934.5,2952.83,2952.83,12.22,2.0,Win
2025-02-24 10:25:00-05:00,XAUUSD,15min,bullish,buy,2947.66,2945.26,2952.46,2952.46,4.8,2.0,Win
2025-02-24 10:50:00-05:00,XAUUSD,15min,bullish,buy,2951.06,2945.86,2961.46,2945.86,-5.2,1.0,Loss
2025-02-24 12:40:00-05:00,XAUUSD,15min,bullish,buy,2935.68,2930.61,2945.82,2945.82,10.14,2.0,Win
2025-02-24 13:35:00-05:00,XAUUSD,15min,bullish,buy,2939.78,2935.53,2948.28,2948.28,8.5,2.0,Win
2025-02-24 16:10:00-05:00,XAUUSD,15min,bullish,buy,2947.93,2944.75,2954.29,2944.75,-3.18,1.0,Loss
2025-02-24 17:15:00-05:00,XAUUSD,15min,bullish,buy,2948.76,2946.25,2953.78,2953.78,5.02,2.0,Win
2025-02-25 05:30:00-05:00,XAUUSD,15min,bearish,sell,2933.64,2937.54,2925.84,2937.54,-3.9,1.0,Loss
2025-02-25 06:10:00-05:00,XAUUSD,15min,bullish,buy,2936.96,2931.53,2947.82,2931.53,-5.43,1.0,Loss
2025-02-25 07:20:00-05:00,XAUUSD,15min,bearish,sell,2938.54,2942.19,2931.24,2931.24,7.3,2.0,Win
2025-02-25 10:35:00-05:00,XAUUSD,15min,bearish,sell,2931.6,2932.25,2930.3,2932.25,-0.65,1.0,Loss
2025-02-25 14:35:00-05:00,XAUUSD,15min,bullish,buy,2899.48,2890.45,2917.54,2917.54,18.06,2.0,Win
2025-02-25 16:05:00-05:00,XAUUSD,15min,bullish,buy,2908.07,2904.89,2914.43,2914.43,6.36,2.0,Win
2025-02-25 17:00:00-05:00,XAUUSD,15min,bullish,buy,2910.62,2905.59,2920.68,2920.68,10.06,2.0,Win
2025-02-26 04:20:00-05:00,XAUUSD,15min,bearish,sell,2910.31,2913.06,2904.81,2913.06,-2.75,1.0,Loss
2025-02-26 04:25:00-05:00,XAUUSD,15min,bullish,buy,2909.18,2905.24,2917.06,2917.06,7.88,2.0,Win
2025-02-26 05:45:00-05:00,XAUUSD,15min,bullish,buy,2912.53,2909.29,2919.01,2909.29,-3.24,1.0,Loss
2025-02-26 04:55:00-05:00,XAUUSD,15min,bullish,buy,2914.59,2906.48,2930.81,2906.48,-8.11,1.0,Loss
2025-02-26 06:40:00-05:00,XAUUSD,15min,bullish,buy,2913.41,2913.29,2913.65,2913.65,0.24,2.0,Win
2025-02-26 06:05:00-05:00,XAUUSD,15min,bullish,buy,2915.79,2909.29,2928.79,2909.29,-6.5,1.0,Loss
2025-02-26 08:10:00-05:00,XAUUSD,15min,bullish,buy,2913.05,2910.65,2917.85,2910.65,-2.4,1.0,Loss
2025-02-26 09:10:00-05:00,XAUUSD,15min,bullish,buy,2913.6,2911.68,2917.44,2911.68,-1.92,1.0,Loss
2025-02-26 11:50:00-05:00,XAUUSD,15min,bearish,sell,2900.53,2906.46,2888.67,2906.46,-5.93,1.0,Loss
2025-02-26 13:05:00-05:00,XAUUSD,15min,bullish,buy,2911.45,2905.02,2924.31,2905.02,-6.43,1.0,Loss
2025-02-26 15:25:00-05:00,XAUUSD,15min,bullish,buy,2914.41,2911.84,2919.55,2919.55,5.14,2.0,Win
2025-02-26 16:25:00-05:00,XAUUSD,15min,bullish,buy,2915.18,2912.24,2921.06,2912.24,-2.94,1.0,Loss
2025-02-27 05:45:00-05:00,XAUUSD,15min,bearish,sell,2884.03,2893.48,2865.13,2893.48,-9.45,1.0,Loss
2025-02-27 06:20:00-05:00,XAUUSD,15min,bullish,buy,2883.9,2876.69,2898.32,2876.69,-7.21,1.0,Loss
2025-02-27 07:10:00-05:00,XAUUSD,15min,bullish,buy,2888.1,2885.37,2893.56,2893.56,5.46,2.0,Win
2025-02-27 09:45:00-05:00,XAUUSD,15min,bearish,sell,2885.98,2889.0,2879.94,2889.0,-3.02,1.0,Loss
2025-02-27 11:00:00-05:00,XAUUSD,15min,bearish,sell,2887.8,2892.42,2878.56,2878.56,9.24,2.0,Win
2025-02-27 12:05:00-05:00,XAUUSD,15min,bearish,sell,2876.8,2892.45,2845.5,2845.5,31.3,2.0,Win
2025-02-27 15:40:00-05:00,XAUUSD,15min,bearish,sell,2884.51,2887.25,2879.03,2887.25,-2.74,1.0,Loss
2025-02-28 03:30:00-05:00,XAUUSD,15min,bearish,sell,2863.78,2867.31,2856.72,2856.72,7.06,2.0,Win
2025-02-28 06:00:00-05:00,XAUUSD,15min,bearish,sell,2856.41,2859.88,2849.47,2859.88,-3.47,1.0,Loss
2025-02-28 07:50:00-05:00,XAUUSD,15min,bullish,buy,2862.86,2860.14,2868.3,2860.14,-2.72,1.0,Loss
2025-02-28 11:20:00-05:00,XAUUSD,15min,bearish,sell,2847.52,2859.15,2824.26,2859.15,-11.63,1.0,Loss
2025-02-28 12:30:00-05:00,XAUUSD,15min,bearish,sell,2841.41,2843.42,2837.39,2843.42,-2.01,1.0,Loss
2025-02-28 13:25:00-05:00,XAUUSD,15min,bullish,buy,2846.55,2838.88,2861.89,2838.88,-7.67,1.0,Loss
2025-03-03 03:25:00-05:00,XAUUSD,15min,bullish,buy,2863.19,2860.95,2867.67,2860.95,-2.24,1.0,Loss
2025-03-03 08:25:00-05:00,XAUUSD,15min,bullish,buy,2872.85,2868.09,2882.37,2882.37,9.52,2.0,Win
2025-03-03 09:35:00-05:00,XAUUSD,15min,bullish,buy,2875.57,2872.15,2882.41,2872.15,-3.42,1.0,Loss
2025-03-03 12:35:00-05:00,XAUUSD,15min,bullish,buy,2884.05,2873.32,2905.51,2905.51,21.46,2.0,Win
2025-03-03 13:05:00-05:00,XAUUSD,15min,bullish,buy,2886.92,2879.9,2900.96,2879.9,-7.02,1.0,Loss
2025-03-03 14:15:00-05:00,XAUUSD,15min,bullish,buy,2890.0,2887.37,2895.26,2887.37,-2.63,1.0,Loss
2025-03-03 14:40:00-05:00,XAUUSD,15min,bullish,buy,2890.0,2886.7,2896.6,2886.7,-3.3,1.0,Loss
2025-03-03 15:55:00-05:00,XAUUSD,15min,bullish,buy,2888.42,2886.44,2892.38,2886.44,-1.98,1.0,Loss
2025-03-03 17:35:00-05:00,XAUUSD,15min,bearish,sell,2884.99,2887.94,2879.09,2887.94,-2.95,1.0,Loss
2025-03-04 04:35:00-05:00,XAUUSD,15min,bullish,buy,2895.35,2884.15,2917.75,2917.75,22.4,2.0,Win
2025-03-04 05:45:00-05:00,XAUUSD,15min,bullish,buy,2911.09,2896.55,2940.17,2896.55,-14.54,1.0,Loss
2025-03-04 10:25:00-05:00,XAUUSD,15min,bullish,buy,2921.49,2919.04,2926.39,2919.04,-2.45,1.0,Loss
2025-03-04 14:35:00-05:00,XAUUSD,15min,bullish,buy,2913.45,2908.72,2922.91,2908.72,-4.73,1.0,Loss
2025-03-04 16:05:00-05:00,XAUUSD,15min,bearish,sell,2912.63,2915.33,2907.23,2915.33,-2.7,1.0,Loss
2025-03-04 16:00:00-05:00,XAUUSD,15min,bearish,sell,2910.7,2915.33,2901.44,2915.33,-4.63,1.0,Loss
2025-03-04 16:10:00-05:00,XAUUSD,15min,bullish,buy,2912.08,2907.82,2920.6,2907.82,-4.26,1.0,Loss
2025-03-04 17:50:00-05:00,XAUUSD,15min,bullish,buy,2914.72,2913.98,2916.2,2916.2,1.48,2.0,Win
2025-03-05 05:00:00-05:00,XAUUSD,15min,bullish,buy,2916.73,2912.65,2924.89,2912.65,-4.08,1.0,Loss
2025-03-05 05:05:00-05:00,XAUUSD,15min,bullish,buy,2917.8,2912.65,2928.1,2912.65,-5.15,1.0,Loss
2025-03-05 06:45:00-05:00,XAUUSD,15min,bearish,sell,2917.15,2922.84,2905.77,2905.77,11.38,2.0,Win
2025-03-05 08:45:00-05:00,XAUUSD,15min,bullish,buy,2914.62,2908.6,2926.66,2908.6,-6.02,1.0,Loss
2025-03-05 09:10:00-05:00,XAUUSD,15min,bullish,buy,2914.68,2911.85,2920.34,2911.85,-2.83,1.0,Loss
2025-03-05 11:30:00-05:00,XAUUSD,15min,bearish,sell,2905.67,2910.53,2895.95,2910.53,-4.86,1.0,Loss
2025-03-05 14:10:00-05:00,XAUUSD,15min,bullish,buy,2920.19,2921.03,2918.51,2921.03,0.84,1.0,Loss
2025-03-05 13:30:00-05:00,XAUUSD,15min,bullish,buy,2925.27,2914.85,2946.11,2914.85,-10.42,1.0,Loss
2025-03-05 17:05:00-05:00,XAUUSD,15min,bullish,buy,2919.97,2916.6,2926.71,2916.6,-3.37,1.0,Loss
2025-03-06 07:30:00-05:00,XAUUSD,15min,bearish,sell,2899.01,2900.02,2896.99,2900.02,-1.01,1.0,Loss
2025-03-06 07:15:00-05:00,XAUUSD,15min,bearish,sell,2895.34,2901.92,2882.18,2901.92,-6.58,1.0,Loss
2025-03-06 08:45:00-05:00,XAUUSD,15min,bullish,buy,2904.93,2898.5,2917.79,2917.79,12.86,2.0,Win
2025-03-06 13:00:00-05:00,XAUUSD,15min,bearish,sell,2914.86,2921.13,2902.32,2921.13,-6.27,1.0,Loss
2025-03-06 15:15:00-05:00,XAUUSD,15min,bullish,buy,2919.28,2914.01,2929.82,2914.01,-5.27,1.0,Loss
2025-03-06 15:30:00-05:00,XAUUSD,15min,bullish,buy,2917.5,2914.01,2924.48,2914.01,-3.49,1.0,Loss
2025-03-06 17:10:00-05:00,XAUUSD,15min,bullish,buy,2915.29,2912.07,2921.73,2912.07,-3.22,1.0,Loss
2025-03-07 03:55:00-05:00,XAUUSD,15min,bullish,buy,2912.06,2907.51,2921.16,2921.16,9.1,2.0,Win
2025-03-07 05:30:00-05:00,XAUUSD,15min,bullish,buy,2918.79,2913.4,2929.57,2913.4,-5.39,1.0,Loss
2025-03-07 07:40:00-05:00,XAUUSD,15min,bearish,sell,2919.91,2923.17,2913.39,2913.39,6.52,2.0,Win
2025-03-07 08:10:00-05:00,XAUUSD,15min,bearish,sell,2919.55,2921.58,2915.49,2921.58,-2.03,1.0,Loss
2025-03-07 08:20:00-05:00,XAUUSD,15min,bullish,buy,2919.11,2916.59,2924.15,2916.59,-2.52,1.0,Loss
2025-03-07 10:35:00-05:00,XAUUSD,15min,bearish,sell,2916.52,2922.31,2904.94,2922.31,-5.79,1.0,Loss
2025-03-07 11:35:00-05:00,XAUUSD,15min,bearish,sell,2918.12,2922.84,2908.68,2922.84,-4.72,1.0,Loss
2025-03-07 12:20:00-05:00,XAUUSD,15min,bullish,buy,2923.9,2916.26,2939.18,2916.26,-7.64,1.0,Loss
2025-03-10 05:15:00-04:00,XAUUSD,15min,bullish,buy,2909.54,2906.53,2915.56,2906.53,-3.01,1.0,Loss
2025-03-10 05:10:00-04:00,XAUUSD,15min,bullish,buy,2910.6,2906.53,2918.74,2906.53,-4.07,1.0,Loss
2025-03-10 06:05:00-04:00,XAUUSD,15min,bullish,buy,2913.29,2908.99,2921.89,2908.99,-4.3,1.0,Loss
2025-03-10 08:15:00-04:00,XAUUSD,15min,bearish,sell,2907.82,2909.02,2905.42,2909.02,-1.2,1.0,Loss
2025-03-10 08:05:00-04:00,XAUUSD,15min,bearish,sell,2901.27,2907.47,2888.87,2907.47,-6.2,1.0,Loss
2025-03-10 09:00:00-04:00,XAUUSD,15min,bullish,buy,2906.69,2903.19,2913.69,2903.19,-3.5,1.0,Loss
2025-03-10 11:20:00-04:00,XAUUSD,15min,bullish,buy,2900.44,2895.4,2910.52,2910.52,10.08,2.0,Win
2025-03-10 13:20:00-04:00,XAUUSD,15min,bearish,sell,2904.46,2909.15,2895.08,2909.15,-4.69,1.0,Loss
2025-03-10 13:10:00-04:00,XAUUSD,15min,bearish,sell,2903.4,2907.08,2896.04,2907.08,-3.68,1.0,Loss
2025-03-10 14:25:00-04:00,XAUUSD,15min,bearish,sell,2905.28,2911.02,2893.8,2893.8,11.48,2.0,Win
2025-03-11 06:20:00-04:00,XAUUSD,15min,bullish,buy,2898.27,2897.03,2900.75,2900.75,2.48,2.0,Win
2025-03-11 06:00:00-04:00,XAUUSD,15min,bullish,buy,2900.68,2893.15,2915.74,2915.74,15.06,2.0,Win
2025-03-11 06:55:00-04:00,XAUUSD,15min,bearish,sell,2900.31,2903.69,2893.55,2903.69,-3.38,1.0,Loss
2025-03-11 07:35:00-04:00,XAUUSD,15min,bullish,buy,2906.28,2898.93,2920.98,2920.98,14.7,2.0,Win
2025-03-11 10:30:00-04:00,XAUUSD,15min,bearish,sell,2913.44,2914.68,2910.96,2914.68,-1.24,1.0,Loss
2025-03-11 11:50:00-04:00,XAUUSD,15min,bearish,sell,2912.68,2916.27,2905.5,2916.27,-3.59,1.0,Loss
2025-03-11 13:30:00-04:00,XAUUSD,15min,bullish,buy,2913.44,2914.88,2910.56,2914.88,1.44,1.0,Loss
2025-03-11 12:50:00-04:00,XAUUSD,15min,bullish,buy,2915.9,2906.71,2934.28,2906.71,-9.19,1.0,Loss
2025-03-11 14:10:00-04:00,XAUUSD,15min,bullish,buy,2918.32,2911.61,2931.74,2911.61,-6.71,1.0,Loss
2025-03-11 14:55:00-04:00,XAUUSD,15min,bullish,buy,2916.08,2914.07,2920.1,2920.1,4.02,2.0,Win
2025-03-11 16:50:00-04:00,XAUUSD,15min,bullish,buy,2917.77,2913.73,2925.85,2913.73,-4.04,1.0,Loss
2025-03-11 17:00:00-04:00,XAUUSD,15min,bullish,buy,2916.39,2913.73,2921.71,2913.73,-2.66,1.0,Loss
2025-03-12 10:40:00-04:00,XAUUSD,15min,bullish,buy,2914.31,2912.48,2917.97,2912.48,-1.83,1.0,Loss
2025-03-12 11:55:00-04:00,XAUUSD,15min,bullish,buy,2915.85,2911.77,2924.01,2911.77,-4.08,1.0,Loss
2025-03-12 12:55:00-04:00,XAUUSD,15min,bullish,buy,2913.91,2905.91,2929.91,2929.91,16.0,2.0,Win
2025-03-12 14:20:00-04:00,XAUUSD,15min,bullish,buy,2922.67,2915.92,2936.17,2936.17,13.5,2.0,Win
2025-03-12 15:15:00-04:00,XAUUSD,15min,bullish,buy,2931.12,2922.95,2947.46,2947.46,16.34,2.0,Win
2025-03-12 15:30:00-04:00,XAUUSD,15min,bullish,buy,2934.87,2925.57,2953.47,2953.47,18.6,2.0,Win
2025-03-13 08:50:00-04:00,XAUUSD,15min,bullish,buy,2946.79,2940.74,2958.89,2940.74,-6.05,1.0,Loss
2025-03-13 12:45:00-04:00,XAUUSD,15min,bullish,buy,2947.9,2938.76,2966.18,2966.18,18.28,2.0,Win
2025-03-13 13:10:00-04:00,XAUUSD,15min,bullish,buy,2951.02,2942.39,2968.28,2968.28,17.26,2.0,Win
2025-03-13 15:45:00-04:00,XAUUSD,15min,bullish,buy,2980.07,2975.25,2989.71,2989.71,9.64,2.0,Win
2025-03-14 06:15:00-04:00,XAUUSD,15min,bullish,buy,2982.85,2980.87,2986.81,2980.87,-1.98,1.0,Loss
2025-03-14 06:00:00-04:00,XAUUSD,15min,bullish,buy,2984.18,2980.73,2991.08,2991.08,6.9,2.0,Win
2025-03-14 05:55:00-04:00,XAUUSD,15min,bullish,buy,2985.17,2980.73,2994.05,2994.05,8.88,2.0,Win
2025-03-14 07:35:00-04:00,XAUUSD,15min,bullish,buy,2990.56,2983.41,3004.86,3004.86,14.3,2.0,Win
2025-03-14 08:25:00-04:00,XAUUSD,15min,bullish,buy,2994.76,2989.5,3005.28,2989.5,-5.26,1.0,Loss
2025-03-14 08:50:00-04:00,XAUUSD,15min,bullish,buy,2998.54,2992.03,3011.56,2992.03,-6.51,1.0,Loss
2025-03-14 10:05:00-04:00,XAUUSD,15min,bearish,sell,2996.47,3005.32,2978.77,2978.77,17.7,2.0,Win
2025-03-14 10:30:00-04:00,XAUUSD,15min,bullish,buy,2994.8,2986.46,3011.48,2986.46,-8.34,1.0,Loss
2025-03-14 13:15:00-04:00,XAUUSD,15min,bullish,buy,2989.14,2982.81,3001.8,2982.81,-6.33,1.0,Loss
2025-03-17 05:10:00-04:00,XAUUSD,15min,bullish,buy,2985.69,2982.59,2991.89,2991.89,6.2,2.0,Win
2025-03-17 07:40:00-04:00,XAUUSD,15min,bearish,sell,2986.95,2987.77,2985.31,2987.77,-0.82,1.0,Loss
2025-03-17 07:05:00-04:00,XAUUSD,15min,bearish,sell,2985.93,2989.24,2979.31,2989.24,-3.31,1.0,Loss
2025-03-17 07:25:00-04:00,XAUUSD,15min,bearish,sell,2985.29,2988.23,2979.41,2988.23,-2.94,1.0,Loss
2025-03-17 09:30:00-04:00,XAUUSD,15min,bullish,buy,2994.73,2993.69,2996.81,2996.81,2.08,2.0,Win
2025-03-17 11:30:00-04:00,XAUUSD,15min,bearish,sell,2989.32,3001.54,2964.88,3001.54,-12.22,1.0,Loss
2025-03-17 13:10:00-04:00,XAUUSD,15min,bullish,buy,2990.44,2986.09,2999.14,2999.14,8.7,2.0,Win
2025-03-17 14:10:00-04:00,XAUUSD,15min,bullish,buy,2994.22,2992.8,2997.06,2997.06,2.84,2.0,Win
2025-03-17 17:20:00-04:00,XAUUSD,15min,bullish,buy,2998.47,2996.57,3002.27,3002.27,3.8,2.0,Win
2025-03-18 04:40:00-04:00,XAUUSD,15min,bullish,buy,3009.45,3005.73,3016.89,3016.89,7.44,2.0,Win
2025-03-18 06:00:00-04:00,XAUUSD,15min,bearish,sell,3014.58,3017.78,3008.18,3017.78,-3.2,1.0,Loss
2025-03-18 05:35:00-04:00,XAUUSD,15min,bearish,sell,3013.05,3017.29,3004.57,3017.29,-4.24,1.0,Loss
2025-03-18 07:35:00-04:00,XAUUSD,15min,bullish,buy,3023.34,3015.09,3039.84,3039.84,16.5,2.0,Win
2025-03-18 09:35:00-04:00,XAUUSD,15min,bearish,sell,3020.84,3025.9,3010.72,3025.9,-5.06,1.0,Loss
2025-03-18 09:35:00-04:00,XAUUSD,15min,bullish,buy,3020.94,3018.01,3026.8,3026.8,5.86,2.0,Win
2025-03-18 09:20:00-04:00,XAUUSD,15min,bullish,buy,3023.1,3018.01,3033.28,3033.28,10.18,2.0,Win
2025-03-18 09:55:00-04:00,XAUUSD,15min,bullish,buy,3022.87,3020.24,3028.13,3028.13,5.26,2.0,Win
2025-03-18 11:00:00-04:00,XAUUSD,15min,bearish,sell,3026.78,3029.92,3020.5,3029.92,-3.14,1.0,Loss
2025-03-18 12:15:00-04:00,XAUUSD,15min,bullish,buy,3033.02,3027.3,3044.46,3027.3,-5.72,1.0,Loss
2025-03-18 12:50:00-04:00,XAUUSD,15min,bearish,sell,3034.72,3038.29,3027.58,3027.58,7.14,2.0,Win
2025-03-18 14:30:00-04:00,XAUUSD,15min,bullish,buy,3030.24,3025.04,3040.64,3040.64,10.4,2.0,Win
2025-03-18 16:15:00-04:00,XAUUSD,15min,bullish,buy,3033.14,3033.3,3032.82,3033.3,0.16,1.0,Loss
2025-03-18 16:50:00-04:00,XAUUSD,15min,bullish,buy,3032.15,3029.65,3037.15,3037.15,5.0,2.0,Win
2025-03-19 03:45:00-04:00,XAUUSD,15min,bullish,buy,3035.72,3033.84,3039.48,3039.48,3.76,2.0,Win
2025-03-19 05:05:00-04:00,XAUUSD,15min,bullish,buy,3042.93,3036.69,3055.41,3036.69,-6.24,1.0,Loss
2025-03-19 06:10:00-04:00,XAUUSD,15min,bullish,buy,3039.02,3034.27,3048.52,3034.27,-4.75,1.0,Loss
2025-03-19 05:55:00-04:00,XAUUSD,15min,bullish,buy,3040.68,3034.27,3053.5,3034.27,-6.41,1.0,Loss
2025-03-19 07:20:00-04:00,XAUUSD,15min,bearish,sell,3034.31,3041.99,3018.95,3041.99,-7.68,1.0,Loss
2025-03-19 08:35:00-04:00,XAUUSD,15min,bullish,buy,3027.03,3022.35,3036.39,3036.39,9.36,2.0,Win
2025-03-19 09:30:00-04:00,XAUUSD,15min,bullish,buy,3033.86,3027.98,3045.62,3027.98,-5.88,1.0,Loss
2025-03-19 10:35:00-04:00,XAUUSD,15min,bullish,buy,3037.41,3033.14,3045.95,3033.14,-4.27,1.0,Loss
2025-03-19 10:50:00-04:00,XAUUSD,15min,bullish,buy,3037.95,3033.14,3047.57,3033.14,-4.81,1.0,Loss
2025-03-19 14:40:00-04:00,XAUUSD,15min,bearish,sell,3029.38,3033.19,3021.76,3033.19,-3.81,1.0,Loss
2025-03-20 05:30:00-04:00,XAUUSD,15min,bullish,buy,3047.98,3044.53,3054.88,3044.53,-3.45,1.0,Loss
2025-03-20 05:50:00-04:00,XAUUSD,15min,bullish,buy,3048.69,3045.3,3055.47,3045.3,-3.39,1.0,Loss
2025-03-20 08:00:00-04:00,XAUUSD,15min,bullish,buy,3041.02,3038.32,3046.42,3038.32,-2.7,1.0,Loss
2025-03-20 09:50:00-04:00,XAUUSD,15min,bearish,sell,3030.82,3041.75,3008.96,3041.75,-10.93,1.0,Loss
2025-03-20 10:10:00-04:00,XAUUSD,15min,bearish,sell,3029.67,3035.56,3017.89,3035.56,-5.89,1.0,Loss
2025-03-20 14:00:00-04:00,XAUUSD,15min,bullish,buy,3037.46,3030.48,3051.42,3030.48,-6.98,1.0,Loss
2025-03-20 15:55:00-04:00,XAUUSD,15min,bearish,sell,3037.25,3043.23,3025.29,3043.23,-5.98,1.0,Loss
2025-03-20 17:05:00-04:00,XAUUSD,15min,bullish,buy,3040.49,3034.33,3052.81,3034.33,-6.16,1.0,Loss
2025-03-21 03:10:00-04:00,XAUUSD,15min,bearish,sell,3030.74,3032.87,3026.48,3026.48,4.26,2.0,Win
2025-03-21 06:10:00-04:00,XAUUSD,15min,bearish,sell,3030.73,3034.11,3023.97,3034.11,-3.38,1.0,Loss
2025-03-21 06:25:00-04:00,XAUUSD,15min,bullish,buy,3030.35,3027.8,3035.45,3027.8,-2.55,1.0,Loss
2025-03-21 07:45:00-04:00,XAUUSD,15min,bullish,buy,3032.55,3026.74,3044.17,3026.74,-5.81,1.0,Loss
2025-03-21 08:00:00-04:00,XAUUSD,15min,bullish,buy,3030.53,3026.74,3038.11,3026.74,-3.79,1.0,Loss
2025-03-21 09:05:00-04:00,XAUUSD,15min,bearish,sell,3030.84,3031.9,3028.72,3031.9,-1.06,1.0,Loss
2025-03-21 10:10:00-04:00,XAUUSD,15min,bearish,sell,3031.4,3033.58,3027.04,3033.58,-2.18,1.0,Loss
2025-03-21 14:40:00-04:00,XAUUSD,15min,bullish,buy,3011.64,3009.69,3015.54,3015.54,3.9,2.0,Win
2025-03-24 04:00:00-04:00,XAUUSD,15min,bullish,buy,3018.69,3016.89,3022.29,3022.29,3.6,2.0,Win
2025-03-24 04:30:00-04:00,XAUUSD,15min,bullish,buy,3020.8,3017.15,3028.1,3028.1,7.3,2.0,Win
2025-03-24 06:00:00-04:00,XAUUSD,15min,bullish,buy,3023.67,3017.22,3036.57,3017.22,-6.45,1.0,Loss
2025-03-24 07:10:00-04:00,XAUUSD,15min,bearish,sell,3023.89,3029.07,3013.53,3029.07,-5.18,1.0,Loss
2025-03-24 07:15:00-04:00,XAUUSD,15min,bullish,buy,3023.47,3020.77,3028.87,3028.87,5.4,2.0,Win
2025-03-24 08:35:00-04:00,XAUUSD,15min,bullish,buy,3026.32,3026.35,3026.26,3026.35,0.03,1.0,Loss
2025-03-24 09:15:00-04:00,XAUUSD,15min,bearish,sell,3027.61,3030.94,3020.95,3030.94,-3.33,1.0,Loss
2025-03-24 12:10:00-04:00,XAUUSD,15min,bearish,sell,3025.09,3028.77,3017.73,3017.73,7.36,2.0,Win
2025-03-24 14:25:00-04:00,XAUUSD,15min,bullish,buy,3009.32,3005.39,3017.18,3005.39,-3.93,1.0,Loss
2025-03-24 14:45:00-04:00,XAUUSD,15min,bullish,buy,3012.73,3005.39,3027.41,3005.39,-7.34,1.0,Loss
2025-03-25 04:50:00-04:00,XAUUSD,15min,bullish,buy,3016.41,3013.82,3021.59,3013.82,-2.59,1.0,Loss
2025-03-25 06:00:00-04:00,XAUUSD,15min,bullish,buy,3016.44,3014.4,3020.52,3014.4,-2.04,1.0,Loss
2025-03-25 07:40:00-04:00,XAUUSD,15min,bullish,buy,3018.23,3010.4,3033.89,3033.89,15.66,2.0,Win
2025-03-25 07:55:00-04:00,XAUUSD,15min,bullish,buy,3020.23,3010.46,3039.77,3039.77,19.54,2.0,Win
2025-03-25 08:55:00-04:00,XAUUSD,15min,bullish,buy,3021.44,3018.52,3027.28,3018.52,-2.92,1.0,Loss
2025-03-25 12:45:00-04:00,XAUUSD,15min,bullish,buy,3025.99,3019.81,3038.35,3019.81,-6.18,1.0,Loss
2025-03-26 04:25:00-04:00,XAUUSD,15min,bullish,buy,3014.93,3012.82,3019.15,3019.15,4.22,2.0,Win
2025-03-26 06:25:00-04:00,XAUUSD,15min,bullish,buy,3025.3,3023.61,3028.68,3028.68,3.38,2.0,Win
2025-03-26 11:05:00-04:00,XAUUSD,15min,bullish,buy,3025.12,3025.34,3024.68,3024.68,-0.44,2.0,Win
2025-03-26 10:55:00-04:00,XAUUSD,15min,bullish,buy,3026.21,3023.42,3031.79,3023.42,-2.79,1.0,Loss
2025-03-27 06:10:00-04:00,XAUUSD,15min,bullish,buy,3030.77,3026.59,3039.13,3039.13,8.36,2.0,Win
2025-03-27 07:20:00-04:00,XAUUSD,15min,bullish,buy,3035.26,3029.41,3046.96,3046.96,11.7,2.0,Win
2025-03-27 07:55:00-04:00,XAUUSD,15min,bullish,buy,3035.45,3033.51,3039.33,3039.33,3.88,2.0,Win
2025-03-27 14:00:00-04:00,XAUUSD,15min,bullish,buy,3052.66,3042.16,3073.66,3073.66,21.0,2.0,Win
2025-03-27 15:25:00-04:00,XAUUSD,15min,bearish,sell,3053.01,3059.33,3040.37,3059.33,-6.32,1.0,Loss
2025-03-28 05:55:00-04:00,XAUUSD,15min,bullish,buy,3083.11,3078.78,3091.77,3078.78,-4.33,1.0,Loss
2025-03-28 07:45:00-04:00,XAUUSD,15min,bullish,buy,3070.14,3065.81,3078.8,3078.8,8.66,2.0,Win
2025-03-28 08:25:00-04:00,XAUUSD,15min,bullish,buy,3071.98,3068.82,3078.3,3068.82,-3.16,1.0,Loss
2025-03-28 10:45:00-04:00,XAUUSD,15min,bullish,buy,3076.92,3073.07,3084.62,3073.07,-3.85,1.0,Loss
2025-03-28 11:55:00-04:00,XAUUSD,15min,bullish,buy,3077.39,3072.15,3087.87,3072.15,-5.24,1.0,Loss
2025-03-28 13:10:00-04:00,XAUUSD,15min,bullish,buy,3079.99,3071.05,3097.87,3071.05,-8.94,1.0,Loss
2025-03-28 14:20:00-04:00,XAUUSD,15min,bearish,sell,3078.47,3078.52,3078.37,3078.52,-0.05,1.0,Loss
2025-03-28 14:30:00-04:00,XAUUSD,15min,bullish,buy,3078.55,3067.25,3101.15,3101.15,22.6,2.0,Win
2025-03-28 15:10:00-04:00,XAUUSD,15min,bullish,buy,3081.59,3077.01,3090.75,3077.01,-4.58,1.0,Loss
2025-03-31 04:30:00-04:00,XAUUSD,15min,bullish,buy,3110.32,3107.08,3116.8,3116.8,6.48,2.0,Win
2025-03-31 05:40:00-04:00,XAUUSD,15min,bullish,buy,3114.79,3111.02,3122.33,3122.33,7.54,2.0,Win
2025-03-31 06:35:00-04:00,XAUUSD,15min,bullish,buy,3118.05,3113.42,3127.31,3113.42,-4.63,1.0,Loss
2025-03-31 06:10:00-04:00,XAUUSD,15min,bullish,buy,3119.88,3113.42,3132.8,3113.42,-6.46,1.0,Loss
2025-03-31 07:15:00-04:00,XAUUSD,15min,bullish,buy,3121.25,3118.09,3127.57,3118.09,-3.16,1.0,Loss
2025-03-31 09:40:00-04:00,XAUUSD,15min,bullish,buy,3119.53,3111.74,3135.11,3111.74,-7.79,1.0,Loss
2025-03-31 10:45:00-04:00,XAUUSD,15min,bullish,buy,3116.66,3113.13,3123.72,3123.72,7.06,2.0,Win
2025-03-31 14:35:00-04:00,XAUUSD,15min,bullish,buy,3115.98,3118.47,3111.0,3118.47,2.49,1.0,Loss
2025-03-31 15:40:00-04:00,XAUUSD,15min,bearish,sell,3118.09,3119.46,3115.35,3119.46,-1.37,1.0,Loss
2025-03-31 16:20:00-04:00,XAUUSD,15min,bullish,buy,3116.68,3114.81,3120.42,3120.42,3.74,2.0,Win
2025-03-31 15:55:00-04:00,XAUUSD,15min,bullish,buy,3117.55,3111.26,3130.13,3130.13,12.58,2.0,Win
2025-04-01 10:45:00-04:00,XAUUSD,15min,bearish,sell,3132.26,3136.25,3124.28,3136.25,-3.99,1.0,Loss
2025-04-01 11:35:00-04:00,XAUUSD,15min,bearish,sell,3131.42,3134.7,3124.86,3134.7,-3.28,1.0,Loss
2025-04-01 12:40:00-04:00,XAUUSD,15min,bearish,sell,3132.26,3137.15,3122.48,3122.48,9.78,2.0,Win
2025-04-02 05:40:00-04:00,XAUUSD,15min,bearish,sell,3116.74,3119.78,3110.66,3119.78,-3.04,1.0,Loss
2025-04-02 06:25:00-04:00,XAUUSD,15min,bullish,buy,3115.94,3112.0,3123.82,3123.82,7.88,2.0,Win
2025-04-02 07:10:00-04:00,XAUUSD,15min,bullish,buy,3122.8,3115.5,3137.4,3115.5,-7.3,1.0,Loss
2025-04-02 10:10:00-04:00,XAUUSD,15min,bearish,sell,3120.53,3130.0,3101.59,3130.0,-9.47,1.0,Loss
2025-04-02 11:05:00-04:00,XAUUSD,15min,bullish,buy,3117.93,3117.11,3119.57,3119.57,1.64,2.0,Win
2025-04-02 11:25:00-04:00,XAUUSD,15min,bullish,buy,3120.61,3116.89,3128.05,3128.05,7.44,2.0,Win
2025-04-02 10:45:00-04:00,XAUUSD,15min,bullish,buy,3121.01,3109.8,3143.43,3109.8,-11.21,1.0,Loss
2025-04-02 13:10:00-04:00,XAUUSD,15min,bearish,sell,3123.75,3132.1,3107.05,3132.1,-8.35,1.0,Loss
2025-04-02 17:00:00-04:00,XAUUSD,15min,bearish,sell,3123.27,3130.8,3108.21,3108.21,15.06,2.0,Win
2025-04-03 06:50:00-04:00,XAUUSD,15min,bearish,sell,3126.34,3128.14,3122.74,3128.14,-1.8,1.0,Loss
2025-04-03 12:00:00-04:00,XAUUSD,15min,bearish,sell,3067.57,3092.61,3017.49,3092.61,-25.04,1.0,Loss
2025-04-03 17:40:00-04:00,XAUUSD,15min,bullish,buy,3104.76,3102.01,3110.26,3110.26,5.5,2.0,Win
2025-04-04 04:10:00-04:00,XAUUSD,15min,bullish,buy,3101.64,3097.04,3110.84,3097.04,-4.6,1.0,Loss
2025-04-04 08:15:00-04:00,XAUUSD,15min,bearish,sell,3090.1,3092.81,3084.68,3092.81,-2.71,1.0,Loss
2025-04-04 09:10:00-04:00,XAUUSD,15min,bearish,sell,3093.01,3100.15,3078.73,3100.15,-7.14,1.0,Loss
2025-04-04 09:10:00-04:00,XAUUSD,15min,bullish,buy,3092.82,3086.31,3105.84,3105.84,13.02,2.0,Win
2025-04-04 09:40:00-04:00,XAUUSD,15min,bullish,buy,3107.39,3089.36,3143.45,3089.36,-18.03,1.0,Loss
2025-04-07 04:35:00-04:00,XAUUSD,15min,bullish,buy,3032.82,3024.62,3049.22,3024.62,-8.2,1.0,Loss
2025-04-07 06:00:00-04:00,XAUUSD,15min,bullish,buy,3023.38,3016.35,3037.44,3016.35,-7.03,1.0,Loss
2025-04-07 07:25:00-04:00,XAUUSD,15min,bullish,buy,3023.34,3015.77,3038.48,3038.48,15.14,2.0,Win
2025-04-07 12:15:00-04:00,XAUUSD,15min,bullish,buy,3022.29,3014.57,3037.73,3014.57,-7.72,1.0,Loss
2025-04-07 16:40:00-04:00,XAUUSD,15min,bearish,sell,2963.87,2975.42,2940.77,2975.42,-11.55,1.0,Loss
2025-04-08 03:10:00-04:00,XAUUSD,15min,bullish,buy,2996.97,2993.33,3004.25,2993.33,-3.64,1.0,Loss
2025-04-08 04:30:00-04:00,XAUUSD,15min,bullish,buy,2999.02,2993.94,3009.18,3009.18,10.16,2.0,Win
2025-04-08 06:20:00-04:00,XAUUSD,15min,bullish,buy,3006.6,3008.04,3003.72,3003.72,-2.88,2.0,Win
2025-04-08 07:50:00-04:00,XAUUSD,15min,bullish,buy,3004.9,3001.04,3012.62,3001.04,-3.86,1.0,Loss
2025-04-08 08:45:00-04:00,XAUUSD,15min,bullish,buy,3003.47,2994.52,3021.37,3021.37,17.9,2.0,Win
2025-04-08 11:00:00-04:00,XAUUSD,15min,bullish,buy,3013.69,3008.06,3024.95,3008.06,-5.63,1.0,Loss
2025-04-08 12:25:00-04:00,XAUUSD,15min,bearish,sell,3011.93,3022.91,2989.97,2989.97,21.96,2.0,Win
2025-04-08 13:35:00-04:00,XAUUSD,15min,bearish,sell,3012.86,3018.05,3002.48,3018.05,-5.19,1.0,Loss
2025-04-08 13:35:00-04:00,XAUUSD,15min,bearish,sell,3013.24,3018.05,3003.62,3018.05,-4.81,1.0,Loss
2025-04-08 17:25:00-04:00,XAUUSD,15min,bullish,buy,2984.14,2974.9,3002.62,2974.9,-9.24,1.0,Loss
2025-04-09 04:30:00-04:00,XAUUSD,15min,bullish,buy,3011.91,3005.21,3025.31,3025.31,13.4,2.0,Win
2025-04-09 07:40:00-04:00,XAUUSD,15min,bullish,buy,3043.18,3037.83,3053.88,3037.83,-5.35,1.0,Loss
2025-04-09 08:30:00-04:00,XAUUSD,15min,bullish,buy,3043.91,3038.4,3054.93,3038.4,-5.51,1.0,Loss
2025-04-09 11:20:00-04:00,XAUUSD,15min,bullish,buy,3050.43,3057.79,3035.71,3057.79,7.36,1.0,Loss
2025-04-09 10:30:00-04:00,XAUUSD,15min,bullish,buy,3058.53,3035.97,3103.65,3103.65,45.12,2.0,Win
2025-04-09 12:10:00-04:00,XAUUSD,15min,bearish,sell,3057.89,3061.44,3050.79,3061.44,-3.55,1.0,Loss
2025-04-09 12:45:00-04:00,XAUUSD,15min,bullish,buy,3066.11,3043.38,3111.57,3111.57,45.46,2.0,Win
2025-04-09 14:25:00-04:00,XAUUSD,15min,bullish,buy,3078.79,3065.13,3106.11,3065.13,-13.66,1.0,Loss
2025-04-09 15:30:00-04:00,XAUUSD,15min,bullish,buy,3086.56,3078.48,3102.72,3078.48,-8.08,1.0,Loss
2025-04-09 16:00:00-04:00,XAUUSD,15min,bullish,buy,3086.94,3082.33,3096.16,3096.16,9.22,2.0,Win
2025-04-10 03:55:00-04:00,XAUUSD,15min,bullish,buy,3124.34,3120.87,3131.28,3131.28,6.94,2.0,Win
2025-04-10 04:55:00-04:00,XAUUSD,15min,bearish,sell,3120.93,3132.93,3096.93,3132.93,-12.0,1.0,Loss
2025-04-10 05:05:00-04:00,XAUUSD,15min,bullish,buy,3121.24,3112.6,3138.52,3112.6,-8.64,1.0,Loss
2025-04-10 06:50:00-04:00,XAUUSD,15min,bearish,sell,3114.8,3123.73,3096.94,3123.73,-8.93,1.0,Loss
2025-04-10 07:45:00-04:00,XAUUSD,15min,bearish,sell,3110.9,3115.87,3100.96,3115.87,-4.97,1.0,Loss
2025-04-10 08:25:00-04:00,XAUUSD,15min,bearish,sell,3109.29,3113.97,3099.93,3113.97,-4.68,1.0,Loss
2025-04-10 09:05:00-04:00,XAUUSD,15min,bullish,buy,3114.3,3104.68,3133.54,3133.54,19.24,2.0,Win
2025-04-10 10:35:00-04:00,XAUUSD,15min,bullish,buy,3120.06,3112.9,3134.38,3134.38,14.32,2.0,Win
2025-04-10 14:55:00-04:00,XAUUSD,15min,bullish,buy,3155.45,3156.05,3154.25,3156.05,0.6,1.0,Loss
2025-04-10 16:25:00-04:00,XAUUSD,15min,bullish,buy,3158.52,3151.4,3172.76,3172.76,14.24,2.0,Win
2025-04-11 05:25:00-04:00,XAUUSD,15min,bearish,sell,3201.28,3214.27,3175.3,3214.27,-12.99,1.0,Loss
2025-04-11 06:15:00-04:00,XAUUSD,15min,bullish,buy,3203.26,3193.69,3222.4,3222.4,19.14,2.0,Win
2025-04-11 06:35:00-04:00,XAUUSD,15min,bullish,buy,3207.38,3193.69,3234.76,3234.76,27.38,2.0,Win
2025-04-11 09:00:00-04:00,XAUUSD,15min,bullish,buy,3225.15,3211.59,3252.27,3211.59,-13.56,1.0,Loss
2025-04-11 10:10:00-04:00,XAUUSD,15min,bearish,sell,3220.34,3230.34,3200.34,3230.34,-10.0,1.0,Loss
2025-04-11 10:35:00-04:00,XAUUSD,15min,bullish,buy,3214.88,3209.92,3224.8,3224.8,9.92,2.0,Win
2025-04-11 11:35:00-04:00,XAUUSD,15min,bullish,buy,3222.57,3210.95,3245.81,3210.95,-11.62,1.0,Loss
2025-04-11 12:20:00-04:00,XAUUSD,15min,bullish,buy,3227.94,3222.89,3238.04,3238.04,10.1,2.0,Win
2025-04-11 13:15:00-04:00,XAUUSD,15min,bearish,sell,3231.27,3244.42,3204.97,3244.42,-13.15,1.0,Loss
2025-04-11 14:30:00-04:00,XAUUSD,15min,bullish,buy,3237.7,3223.95,3265.2,3223.95,-13.75,1.0,Loss
2025-04-11 15:00:00-04:00,XAUUSD,15min,bullish,buy,3239.01,3232.96,3251.11,3232.96,-6.05,1.0,Loss
2025-04-11 16:35:00-04:00,XAUUSD,15min,bearish,sell,3232.8,3234.5,3229.4,3234.5,-1.7,1.0,Loss
2025-04-11 16:05:00-04:00,XAUUSD,15min,bearish,sell,3228.07,3244.42,3195.37,3244.42,-16.35,1.0,Loss
2025-04-11 16:30:00-04:00,XAUUSD,15min,bullish,buy,3226.82,3219.5,3241.46,3219.5,-7.32,1.0,Loss
2025-04-11 16:40:00-04:00,XAUUSD,15min,bullish,buy,3230.3,3219.5,3251.9,3219.5,-10.8,1.0,Loss
2025-04-14 05:05:00-04:00,XAUUSD,15min,bullish,buy,3230.99,3221.34,3250.29,3221.34,-9.65,1.0,Loss
2025-04-14 07:35:00-04:00,XAUUSD,15min,bullish,buy,3222.76,3216.34,3235.6,3216.34,-6.42,1.0,Loss
2025-04-14 10:10:00-04:00,XAUUSD,15min,bearish,sell,3219.66,3221.37,3216.24,3221.37,-1.71,1.0,Loss
2025-04-14 09:50:00-04:00,XAUUSD,15min,bearish,sell,3214.86,3224.94,3194.7,3224.94,-10.08,1.0,Loss
2025-04-14 12:50:00-04:00,XAUUSD,15min,bullish,buy,3203.99,3193.31,3225.35,3225.35,21.36,2.0,Win
2025-04-14 13:40:00-04:00,XAUUSD,15min,bullish,buy,3206.38,3195.07,3229.0,3229.0,22.62,2.0,Win
2025-04-14 13:55:00-04:00,XAUUSD,15min,bullish,buy,3210.76,3195.07,3242.14,3242.14,31.38,2.0,Win
2025-04-14 15:20:00-04:00,XAUUSD,15min,bearish,sell,3203.81,3207.86,3195.71,3207.86,-4.05,1.0,Loss
2025-04-14 16:45:00-04:00,XAUUSD,15min,bullish,buy,3212.36,3206.5,3224.08,3206.5,-5.86,1.0,Loss
2025-04-15 03:05:00-04:00,XAUUSD,15min,bullish,buy,3227.38,3222.65,3236.84,3222.65,-4.73,1.0,Loss
2025-04-15 04:55:00-04:00,XAUUSD,15min,bearish,sell,3224.1,3231.49,3209.32,3231.49,-7.39,1.0,Loss
2025-04-15 05:20:00-04:00,XAUUSD,15min,bullish,buy,3225.21,3220.58,3234.47,3220.58,-4.63,1.0,Loss
2025-04-15 08:05:00-04:00,XAUUSD,15min,bullish,buy,3228.02,3225.27,3233.52,3225.27,-2.75,1.0,Loss
2025-04-15 09:10:00-04:00,XAUUSD,15min,bearish,sell,3224.61,3229.83,3214.17,3214.17,10.44,2.0,Win
2025-04-15 12:00:00-04:00,XAUUSD,15min,bullish,buy,3219.56,3213.97,3230.74,3213.97,-5.59,1.0,Loss
2025-04-15 13:10:00-04:00,XAUUSD,15min,bearish,sell,3219.1,3224.44,3208.42,3224.44,-5.34,1.0,Loss
2025-04-15 14:05:00-04:00,XAUUSD,15min,bullish,buy,3216.26,3217.61,3213.56,3213.56,-2.7,2.0,Win
2025-04-15 14:25:00-04:00,XAUUSD,15min,bearish,sell,3221.07,3225.79,3211.63,3225.79,-4.72,1.0,Loss
2025-04-15 15:00:00-04:00,XAUUSD,15min,bearish,sell,3221.08,3224.17,3214.9,3224.17,-3.09,1.0,Loss
2025-04-15 17:00:00-04:00,XAUUSD,15min,bullish,buy,3225.83,3220.07,3237.35,3237.35,11.52,2.0,Win
2025-04-15 16:50:00-04:00,XAUUSD,15min,bullish,buy,3227.75,3220.06,3243.13,3243.13,15.38,2.0,Win
2025-04-16 06:10:00-04:00,XAUUSD,15min,bullish,buy,3291.48,3286.63,3301.18,3301.18,9.7,2.0,Win
2025-04-16 07:10:00-04:00,XAUUSD,15min,bullish,buy,3302.06,3292.09,3322.0,3292.09,-9.97,1.0,Loss
2025-04-16 08:05:00-04:00,XAUUSD,15min,bullish,buy,3299.03,3288.51,3320.07,3320.07,21.04,2.0,Win
2025-04-16 08:00:00-04:00,XAUUSD,15min,bullish,buy,3304.41,3288.51,3336.21,3336.21,31.8,2.0,Win
2025-04-16 11:35:00-04:00,XAUUSD,15min,bullish,buy,3301.24,3302.67,3298.38,3302.67,1.43,1.0,Loss
2025-04-16 10:55:00-04:00,XAUUSD,15min,bullish,buy,3305.98,3292.57,3332.8,3332.8,26.82,2.0,Win
2025-04-16 11:50:00-04:00,XAUUSD,15min,bullish,buy,3308.97,3301.88,3323.15,3301.88,-7.09,1.0,Loss
2025-04-16 13:10:00-04:00,XAUUSD,15min,bullish,buy,3307.26,3296.44,3328.9,3328.9,21.64,2.0,Win
2025-04-16 15:00:00-04:00,XAUUSD,15min,bullish,buy,3324.45,3304.94,3363.47,3304.94,-19.51,1.0,Loss
2025-04-16 16:25:00-04:00,XAUUSD,15min,bearish,sell,3328.64,3331.84,3322.24,3331.84,-3.2,1.0,Loss
2025-04-16 16:40:00-04:00,XAUUSD,15min,bearish,sell,3327.07,3332.98,3315.25,3332.98,-5.91,1.0,Loss
2025-04-17 05:15:00-04:00,XAUUSD,15min,bearish,sell,3331.1,3338.78,3315.74,3315.74,15.36,2.0,Win
2025-04-17 05:35:00-04:00,XAUUSD,15min,bearish,sell,3330.24,3336.46,3317.8,3317.8,12.44,2.0,Win
2025-04-17 07:15:00-04:00,XAUUSD,15min,bullish,buy,3321.46,3316.26,3331.86,3316.26,-5.2,1.0,Loss
2025-04-17 08:55:00-04:00,XAUUSD,15min,bullish,buy,3321.15,3320.16,3323.13,3323.13,1.98,2.0,Win
2025-04-17 14:05:00-04:00,XAUUSD,15min,bearish,sell,3298.41,3313.68,3267.87,3313.68,-15.27,1.0,Loss
2025-04-17 16:25:00-04:00,XAUUSD,15min,bullish,buy,3314.01,3308.04,3325.95,3325.95,11.94,2.0,Win
2025-04-17 16:55:00-04:00,XAUUSD,15min,bullish,buy,3318.04,3313.67,3326.78,3313.67,-4.37,1.0,Loss
2025-04-17 17:10:00-04:00,XAUUSD,15min,bullish,buy,3319.57,3313.67,3331.37,3313.67,-5.9,1.0,Loss
