,trade_id,signal_time,entry_fill_time,exit_time,type,position,entry,sl,tp,exit_price,result,highest_point,lowest_point,rr_ratio,pnl,pnl_points,lot_size,initial_balance_for_trade,balance_after_trade
0,1,2024-11-04 15:15:00+00:00,2024-11-04 15:20:00+00:00,,FVG_bullish,buy,20046.625,20028.22714,20101.81857,,,0.0,0.0,3.0,0.0,0.0,1.0,10000.0,10000.0
1,2,2024-11-05 10:35:00+00:00,2024-11-05 10:40:00+00:00,,FVG_bearish,sell,20007.995,20018.73714,19975.76857,,,0.0,0.0,3.0,0.0,0.0,1.0,10000.0,10000.0
2,3,2024-11-05 19:50:00+00:00,2024-11-05 19:55:00+00:00,,FVG_bearish,sell,20240.655,20259.47643,20184.19071,,,0.0,0.0,3.0,0.0,0.0,1.0,10000.0,10000.0
3,4,2024-11-06 17:20:00+00:00,2024-11-06 17:25:00+00:00,,FVG_bearish,sell,20637.69,20689.26714,20482.95857,,,0.0,0.0,3.0,0.0,0.0,1.0,10000.0,10000.0
4,5,2024-11-06 18:15:00+00:00,2024-11-06 18:20:00+00:00,,FVG_bearish,sell,20618.81,20657.92357,20501.46929,,,0.0,0.0,3.0,0.0,0.0,1.0,10000.0,10000.0
5,6,2024-11-07 15:50:00+00:00,2024-11-07 15:55:00+00:00,,FVG_bearish,sell,20864.395,20877.44071,20825.25786,,,0.0,0.0,3.0,0.0,0.0,1.0,10000.0,10000.0
6,7,2024-11-07 15:50:00+00:00,2024-11-07 15:55:00+00:00,,FVG_bearish,sell,20864.395,20877.44071,20825.25786,,,0.0,0.0,3.0,0.0,0.0,1.0,10000.0,10000.0
7,8,2024-11-07 17:50:00+00:00,2024-11-07 17:55:00+00:00,,FVG_bearish,sell,21012.52,21037.70143,20936.97571,,,0.0,0.0,3.0,0.0,0.0,1.0,10000.0,10000.0
8,9,2024-11-07 21:35:00+00:00,2024-11-07 21:40:00+00:00,,FVG_bearish,sell,21076.945,21097.23,21016.09,,,0.0,0.0,3.0,0.0,0.0,1.0,10000.0,10000.0
9,10,2024-11-11 11:20:00+00:00,2024-11-11 11:25:00+00:00,,FVG_bearish,sell,21185.415,21197.49786,21149.16643,,,0.0,0.0,3.0,0.0,0.0,1.0,10000.0,10000.0
10,11,2024-11-11 11:20:00+00:00,2024-11-11 11:25:00+00:00,,FVG_bearish,sell,21185.415,21197.49786,21149.16643,,,0.0,0.0,3.0,0.0,0.0,1.0,10000.0,10000.0
11,12,2024-11-13 04:35:00+00:00,2024-11-13 04:40:00+00:00,,FVG_bullish,buy,21029.8,21022.41,21051.97,,,0.0,0.0,3.0,0.0,0.0,1.0,10000.0,10000.0
12,13,2024-11-13 08:15:00+00:00,2024-11-13 08:20:00+00:00,,FVG_bullish,buy,21007.18,20999.34714,21030.67857,,,0.0,0.0,3.0,0.0,0.0,1.0,10000.0,10000.0
13,14,2024-11-14 04:50:00+00:00,2024-11-14 04:55:00+00:00,,FVG_bullish,buy,21017.33,21009.30214,21041.41357,,,0.0,0.0,3.0,0.0,0.0,1.0,10000.0,10000.0
14,15,2024-11-14 09:05:00+00:00,2024-11-14 09:10:00+00:00,,FVG_bullish,buy,20989.455,20981.73071,21012.62786,,,0.0,0.0,3.0,0.0,0.0,1.0,10000.0,10000.0
15,16,2024-11-14 17:20:00+00:00,2024-11-14 17:25:00+00:00,,FVG_bullish,buy,20973.245,20940.09071,21072.70786,,,0.0,0.0,3.0,0.0,0.0,1.0,10000.0,10000.0
16,17,2024-11-14 17:20:00+00:00,2024-11-14 17:25:00+00:00,,FVG_bullish,buy,20973.245,20940.09071,21072.70786,,,0.0,0.0,3.0,0.0,0.0,1.0,10000.0,10000.0
17,18,2024-11-14 18:00:00+00:00,2024-11-14 18:05:00+00:00,,FVG_bullish,buy,21006.765,20975.46786,21100.65643,,,0.0,0.0,3.0,0.0,0.0,1.0,10000.0,10000.0
18,19,2024-11-15 11:50:00+00:00,2024-11-15 11:55:00+00:00,,FVG_bullish,buy,20721.725,20709.80643,20757.48071,,,0.0,0.0,3.0,0.0,0.0,1.0,10000.0,10000.0
19,20,2024-11-15 11:50:00+00:00,2024-11-15 11:55:00+00:00,,FVG_bullish,buy,20721.725,20709.80643,20757.48071,,,0.0,0.0,3.0,0.0,0.0,1.0,10000.0,10000.0
20,21,2024-11-15 19:55:00+00:00,2024-11-15 20:00:00+00:00,,FVG_bullish,buy,20396.255,20370.91786,20472.26643,,,0.0,0.0,3.0,0.0,0.0,1.0,10000.0,10000.0
21,22,2024-11-15 20:50:00+00:00,2024-11-15 20:55:00+00:00,,FVG_bullish,buy,20343.525,20319.18143,20416.55571,,,0.0,0.0,3.0,0.0,0.0,1.0,10000.0,10000.0
22,23,2024-11-15 21:55:00+00:00,2024-11-15 22:00:00+00:00,,FVG_bullish,buy,20368.0,20345.20857,20436.37429,,,0.0,0.0,3.0,0.0,0.0,1.0,10000.0,10000.0
23,24,2024-11-18 03:00:00+00:00,2024-11-18 03:05:00+00:00,,FVG_bearish,sell,20519.36,20530.33929,20486.42214,,,0.0,0.0,3.0,0.0,0.0,1.0,10000.0,10000.0
24,25,2024-11-18 04:40:00+00:00,2024-11-18 04:45:00+00:00,,FVG_bearish,sell,20519.745,20529.64143,20490.05571,,,0.0,0.0,3.0,0.0,0.0,1.0,10000.0,10000.0
25,26,2024-11-18 07:45:00+00:00,2024-11-18 07:50:00+00:00,,FVG_bearish,sell,20533.185,20540.24786,20511.99643,,,0.0,0.0,3.0,0.0,0.0,1.0,10000.0,10000.0
26,27,2024-11-18 18:40:00+00:00,2024-11-18 18:45:00+00:00,,FVG_bearish,sell,20611.12,20628.59643,20558.69071,,,0.0,0.0,3.0,0.0,0.0,1.0,10000.0,10000.0
27,28,2024-11-18 20:00:00+00:00,2024-11-18 20:05:00+00:00,,FVG_bearish,sell,20546.675,20565.59214,20489.92357,,,0.0,0.0,3.0,0.0,0.0,1.0,10000.0,10000.0
28,29,2024-11-19 10:40:00+00:00,2024-11-19 10:45:00+00:00,,FVG_bullish,buy,20524.455,20505.63071,20580.92786,,,0.0,0.0,3.0,0.0,0.0,1.0,10000.0,10000.0
29,30,2024-11-19 11:30:00+00:00,2024-11-19 11:35:00+00:00,,FVG_bullish,buy,20468.585,20434.31143,20571.40571,,,0.0,0.0,3.0,0.0,0.0,1.0,10000.0,10000.0
30,31,2024-11-20 04:25:00+00:00,2024-11-20 04:30:00+00:00,,FVG_bearish,sell,20703.915,20714.03286,20673.56143,,,0.0,0.0,3.0,0.0,0.0,1.0,10000.0,10000.0
31,32,2024-11-20 18:15:00+00:00,2024-11-20 18:20:00+00:00,,FVG_bullish,buy,20516.5,20482.21571,20619.35286,,,0.0,0.0,3.0,0.0,0.0,1.0,10000.0,10000.0
32,33,2024-11-20 23:50:00+00:00,2024-11-20 23:55:00+00:00,,FVG_bearish,sell,20621.185,20663.87429,20493.11714,,,0.0,0.0,3.0,0.0,0.0,1.0,10000.0,10000.0
33,34,2024-11-21 21:40:00+00:00,2024-11-21 21:45:00+00:00,,FVG_bearish,sell,20754.035,20779.73857,20676.92429,,,0.0,0.0,3.0,0.0,0.0,1.0,10000.0,10000.0
34,35,2024-11-22 02:35:00+00:00,2024-11-22 02:40:00+00:00,,FVG_bullish,buy,20705.6,20692.97,20743.49,,,0.0,0.0,3.0,0.0,0.0,1.0,10000.0,10000.0
35,36,2024-11-22 02:35:00+00:00,2024-11-22 02:40:00+00:00,,FVG_bullish,buy,20705.6,20692.97,20743.49,,,0.0,0.0,3.0,0.0,0.0,1.0,10000.0,10000.0
36,37,2024-11-22 12:10:00+00:00,2024-11-22 12:15:00+00:00,,FVG_bullish,buy,20647.16,20619.65929,20729.66214,,,0.0,0.0,3.0,0.0,0.0,1.0,10000.0,10000.0
37,38,2024-11-25 19:15:00+00:00,2024-11-25 19:20:00+00:00,,FVG_bullish,buy,20790.14,20764.26143,20867.77571,,,0.0,0.0,3.0,0.0,0.0,1.0,10000.0,10000.0
38,39,2024-11-25 21:25:00+00:00,2024-11-25 21:30:00+00:00,,FVG_bullish,buy,20780.49,20761.44786,20837.61643,,,0.0,0.0,3.0,0.0,0.0,1.0,10000.0,10000.0
39,40,2024-11-26 16:15:00+00:00,2024-11-26 16:20:00+00:00,,FVG_bearish,sell,20892.205,20905.26929,20853.01214,,,0.0,0.0,3.0,0.0,0.0,1.0,10000.0,10000.0
40,41,2024-11-26 16:35:00+00:00,2024-11-26 16:40:00+00:00,,FVG_bearish,sell,20882.785,20901.68857,20826.07429,,,0.0,0.0,3.0,0.0,0.0,1.0,10000.0,10000.0
41,42,2024-11-27 11:20:00+00:00,2024-11-27 11:25:00+00:00,,FVG_bullish,buy,20860.085,20843.95429,20908.47714,,,0.0,0.0,3.0,0.0,0.0,1.0,10000.0,10000.0
42,43,2024-11-27 16:15:00+00:00,2024-11-27 16:20:00+00:00,,FVG_bearish,sell,20872.9,20886.10214,20833.29357,,,0.0,0.0,3.0,0.0,0.0,1.0,10000.0,10000.0
43,44,2024-11-27 16:15:00+00:00,2024-11-27 16:20:00+00:00,,FVG_bearish,sell,20872.9,20886.10214,20833.29357,,,0.0,0.0,3.0,0.0,0.0,1.0,10000.0,10000.0
44,45,2024-11-27 18:05:00+00:00,2024-11-27 18:10:00+00:00,,FVG_bullish,buy,20674.575,20641.15714,20774.82857,,,0.0,0.0,3.0,0.0,0.0,1.0,10000.0,10000.0
45,46,2024-11-27 18:50:00+00:00,2024-11-27 18:55:00+00:00,,FVG_bullish,buy,20657.445,20629.27071,20741.96786,,,0.0,0.0,3.0,0.0,0.0,1.0,10000.0,10000.0
46,47,2024-11-28 04:25:00+00:00,2024-11-28 04:30:00+00:00,,FVG_bearish,sell,20778.185,20785.24071,20757.01786,,,0.0,0.0,3.0,0.0,0.0,1.0,10000.0,10000.0
47,48,2024-11-28 15:45:00+00:00,2024-11-28 15:50:00+00:00,,FVG_bearish,sell,20807.485,20812.97071,20791.02786,,,0.0,0.0,3.0,0.0,0.0,1.0,10000.0,10000.0
48,49,2024-11-29 15:20:00+00:00,2024-11-29 15:25:00+00:00,,FVG_bullish,buy,20797.775,20787.67143,20828.08571,,,0.0,0.0,3.0,0.0,0.0,1.0,10000.0,10000.0
49,50,2024-11-29 18:15:00+00:00,2024-11-29 18:20:00+00:00,,FVG_bearish,sell,20917.305,20937.14357,20857.78929,,,0.0,0.0,3.0,0.0,0.0,1.0,10000.0,10000.0
50,51,2024-11-29 19:35:00+00:00,2024-11-29 19:40:00+00:00,,FVG_bearish,sell,20935.485,20950.11429,20891.59714,,,0.0,0.0,3.0,0.0,0.0,1.0,10000.0,10000.0
51,52,2024-11-29 19:35:00+00:00,2024-11-29 19:40:00+00:00,,FVG_bearish,sell,20935.485,20950.11429,20891.59714,,,0.0,0.0,3.0,0.0,0.0,1.0,10000.0,10000.0
52,53,2024-12-02 16:05:00+00:00,2024-12-02 16:10:00+00:00,,FVG_bearish,sell,20969.935,20982.80786,20931.31643,,,0.0,0.0,3.0,0.0,0.0,1.0,10000.0,10000.0
53,54,2024-12-02 18:10:00+00:00,2024-12-02 18:15:00+00:00,,FVG_bearish,sell,21117.615,21142.045,21044.325,,,0.0,0.0,3.0,0.0,0.0,1.0,10000.0,10000.0
54,55,2024-12-02 18:10:00+00:00,2024-12-02 18:15:00+00:00,,FVG_bearish,sell,21117.615,21142.045,21044.325,,,0.0,0.0,3.0,0.0,0.0,1.0,10000.0,10000.0
55,56,2024-12-03 14:15:00+00:00,2024-12-03 14:20:00+00:00,,FVG_bullish,buy,21144.85,21135.98429,21171.44714,,,0.0,0.0,3.0,0.0,0.0,1.0,10000.0,10000.0
56,57,2024-12-03 20:55:00+00:00,2024-12-03 21:00:00+00:00,,FVG_bearish,sell,21174.68,21187.40643,21136.50071,,,0.0,0.0,3.0,0.0,0.0,1.0,10000.0,10000.0
57,58,2024-12-03 20:55:00+00:00,2024-12-03 21:00:00+00:00,,FVG_bearish,sell,21174.68,21187.40643,21136.50071,,,0.0,0.0,3.0,0.0,0.0,1.0,10000.0,10000.0
58,59,2024-12-04 02:50:00+00:00,2024-12-04 02:55:00+00:00,,FVG_bearish,sell,21268.46,21274.62643,21249.96071,,,0.0,0.0,3.0,0.0,0.0,1.0,10000.0,10000.0
59,60,2024-12-04 05:40:00+00:00,2024-12-04 05:45:00+00:00,,FVG_bearish,sell,21280.86,21286.08429,21265.18714,,,0.0,0.0,3.0,0.0,0.0,1.0,10000.0,10000.0
60,61,2024-12-04 08:45:00+00:00,2024-12-04 08:50:00+00:00,,FVG_bearish,sell,21291.085,21296.90214,21273.63357,,,0.0,0.0,3.0,0.0,0.0,1.0,10000.0,10000.0
61,62,2024-12-04 09:45:00+00:00,2024-12-04 09:50:00+00:00,,FVG_bearish,sell,21295.47,21302.17357,21275.35929,,,0.0,0.0,3.0,0.0,0.0,1.0,10000.0,10000.0
62,63,2024-12-04 13:35:00+00:00,2024-12-04 13:40:00+00:00,,FVG_bearish,sell,21366.74,21375.285,21341.105,,,0.0,0.0,3.0,0.0,0.0,1.0,10000.0,10000.0
63,64,2024-12-04 15:10:00+00:00,2024-12-04 15:15:00+00:00,,FVG_bearish,sell,21364.96,21372.15857,21343.36429,,,0.0,0.0,3.0,0.0,0.0,1.0,10000.0,10000.0
64,65,2024-12-04 15:10:00+00:00,2024-12-04 15:15:00+00:00,,FVG_bearish,sell,21364.96,21372.15857,21343.36429,,,0.0,0.0,3.0,0.0,0.0,1.0,10000.0,10000.0
65,66,2024-12-05 14:40:00+00:00,2024-12-05 14:45:00+00:00,,FVG_bearish,sell,21473.84,21479.78857,21455.99429,,,0.0,0.0,3.0,0.0,0.0,1.0,10000.0,10000.0
66,67,2024-12-05 16:00:00+00:00,2024-12-05 16:05:00+00:00,,FVG_bearish,sell,21470.195,21478.965,21443.885,,,0.0,0.0,3.0,0.0,0.0,1.0,10000.0,10000.0
67,68,2024-12-05 18:40:00+00:00,2024-12-05 18:45:00+00:00,,FVG_bullish,buy,21475.395,21459.68357,21522.52929,,,0.0,0.0,3.0,0.0,0.0,1.0,10000.0,10000.0
68,69,2024-12-05 18:40:00+00:00,2024-12-05 18:45:00+00:00,,FVG_bullish,buy,21475.395,21459.68357,21522.52929,,,0.0,0.0,3.0,0.0,0.0,1.0,10000.0,10000.0
69,70,2024-12-05 22:30:00+00:00,2024-12-05 22:35:00+00:00,,FVG_bullish,buy,21433.125,21419.70857,21473.37429,,,0.0,0.0,3.0,0.0,0.0,1.0,10000.0,10000.0
70,71,2024-12-09 13:35:00+00:00,2024-12-09 13:40:00+00:00,,FVG_bullish,buy,21572.0,21559.44071,21609.67786,,,0.0,0.0,3.0,0.0,0.0,1.0,10000.0,10000.0
71,72,2024-12-10 12:55:00+00:00,2024-12-10 13:00:00+00:00,,FVG_bearish,sell,21451.08,21457.86571,21430.72286,,,0.0,0.0,3.0,0.0,0.0,1.0,10000.0,10000.0
72,73,2024-12-10 19:15:00+00:00,2024-12-10 19:20:00+00:00,,FVG_bullish,buy,21427.375,21406.77071,21489.18786,,,0.0,0.0,3.0,0.0,0.0,1.0,10000.0,10000.0
73,74,2024-12-10 19:55:00+00:00,2024-12-10 20:00:00+00:00,,FVG_bullish,buy,21440.22,21420.34714,21499.83857,,,0.0,0.0,3.0,0.0,0.0,1.0,10000.0,10000.0
74,75,2024-12-10 19:55:00+00:00,2024-12-10 20:00:00+00:00,,FVG_bullish,buy,21440.22,21420.34714,21499.83857,,,0.0,0.0,3.0,0.0,0.0,1.0,10000.0,10000.0
75,76,2024-12-10 21:50:00+00:00,2024-12-10 21:55:00+00:00,,FVG_bullish,buy,21375.945,21361.96857,21417.87429,,,0.0,0.0,3.0,0.0,0.0,1.0,10000.0,10000.0
76,77,2024-12-12 03:55:00+00:00,2024-12-12 04:00:00+00:00,,FVG_bullish,buy,21718.615,21714.16857,21731.95429,,,0.0,0.0,3.0,0.0,0.0,1.0,10000.0,10000.0
77,78,2024-12-12 14:35:00+00:00,2024-12-12 14:40:00+00:00,,FVG_bullish,buy,21687.575,21679.99071,21710.32786,,,0.0,0.0,3.0,0.0,0.0,1.0,10000.0,10000.0
78,79,2024-12-12 23:05:00+00:00,2024-12-12 23:10:00+00:00,,FVG_bullish,buy,21606.58,21590.18286,21655.77143,,,0.0,0.0,3.0,0.0,0.0,1.0,10000.0,10000.0
79,80,2024-12-16 11:15:00+00:00,2024-12-16 11:20:00+00:00,,FVG_bearish,sell,21805.765,21816.18071,21774.51786,,,0.0,0.0,3.0,0.0,0.0,1.0,10000.0,10000.0
80,81,2024-12-16 13:55:00+00:00,2024-12-16 14:00:00+00:00,,FVG_bearish,sell,21841.49,21850.025,21815.885,,,0.0,0.0,3.0,0.0,0.0,1.0,10000.0,10000.0
81,82,2024-12-16 19:40:00+00:00,2024-12-16 19:45:00+00:00,,FVG_bearish,sell,22052.215,22069.06143,22001.67571,,,0.0,0.0,3.0,0.0,0.0,1.0,10000.0,10000.0
82,83,2024-12-16 21:40:00+00:00,2024-12-16 21:45:00+00:00,,FVG_bearish,sell,22109.26,22120.95214,22074.18357,,,0.0,0.0,3.0,0.0,0.0,1.0,10000.0,10000.0
83,84,2024-12-16 22:10:00+00:00,2024-12-16 22:15:00+00:00,,FVG_bearish,sell,22115.18,22127.41214,22078.48357,,,0.0,0.0,3.0,0.0,0.0,1.0,10000.0,10000.0
84,85,2024-12-17 02:55:00+00:00,2024-12-17 03:00:00+00:00,,FVG_bullish,buy,22070.375,22064.56071,22087.81786,,,0.0,0.0,3.0,0.0,0.0,1.0,10000.0,10000.0
85,86,2024-12-17 02:55:00+00:00,2024-12-17 03:00:00+00:00,,FVG_bullish,buy,22070.375,22064.56071,22087.81786,,,0.0,0.0,3.0,0.0,0.0,1.0,10000.0,10000.0
86,87,2024-12-17 04:45:00+00:00,2024-12-17 04:50:00+00:00,,FVG_bearish,sell,22096.285,22101.49214,22080.66357,,,0.0,0.0,3.0,0.0,0.0,1.0,10000.0,10000.0
87,88,2024-12-17 06:10:00+00:00,2024-12-17 06:15:00+00:00,,FVG_bearish,sell,22101.535,22105.515,22089.595,,,0.0,0.0,3.0,0.0,0.0,1.0,10000.0,10000.0
88,89,2024-12-17 08:30:00+00:00,2024-12-17 08:35:00+00:00,,FVG_bullish,buy,22076.33,22070.65857,22093.34429,,,0.0,0.0,3.0,0.0,0.0,1.0,10000.0,10000.0
89,90,2024-12-17 09:50:00+00:00,2024-12-17 09:55:00+00:00,,FVG_bullish,buy,22039.365,22030.21429,22066.81714,,,0.0,0.0,3.0,0.0,0.0,1.0,10000.0,10000.0
90,91,2024-12-17 10:40:00+00:00,2024-12-17 10:45:00+00:00,,FVG_bullish,buy,22035.405,22019.25357,22083.85929,,,0.0,0.0,3.0,0.0,0.0,1.0,10000.0,10000.0
91,92,2024-12-17 18:55:00+00:00,2024-12-17 19:00:00+00:00,,FVG_bullish,buy,22033.68,22007.69071,22111.64786,,,0.0,0.0,3.0,0.0,0.0,1.0,10000.0,10000.0
92,93,2024-12-17 23:05:00+00:00,2024-12-17 23:10:00+00:00,,FVG_bullish,buy,21984.565,21964.67571,22044.23286,,,0.0,0.0,3.0,0.0,0.0,1.0,10000.0,10000.0
93,94,2024-12-18 16:35:00+00:00,2024-12-18 16:40:00+00:00,,FVG_bullish,buy,21949.585,21924.53571,22024.73286,,,0.0,0.0,3.0,0.0,0.0,1.0,10000.0,10000.0
94,95,2024-12-19 09:55:00+00:00,2024-12-19 10:00:00+00:00,,FVG_bearish,sell,21252.315,21272.50429,21191.74714,,,0.0,0.0,3.0,0.0,0.0,1.0,10000.0,10000.0
95,96,2024-12-19 11:40:00+00:00,2024-12-19 11:45:00+00:00,,FVG_bearish,sell,21271.69,21290.13071,21216.36786,,,0.0,0.0,3.0,0.0,0.0,1.0,10000.0,10000.0
96,97,2024-12-19 11:40:00+00:00,2024-12-19 11:45:00+00:00,,FVG_bearish,sell,21271.69,21290.13071,21216.36786,,,0.0,0.0,3.0,0.0,0.0,1.0,10000.0,10000.0
97,98,2024-12-19 16:10:00+00:00,2024-12-19 16:15:00+00:00,,FVG_bearish,sell,21341.055,21365.05786,21269.04643,,,0.0,0.0,3.0,0.0,0.0,1.0,10000.0,10000.0
98,99,2024-12-19 22:35:00+00:00,2024-12-19 22:40:00+00:00,,FVG_bullish,buy,21198.93,21159.91857,21315.96429,,,0.0,0.0,3.0,0.0,0.0,1.0,10000.0,10000.0
99,100,2024-12-20 05:15:00+00:00,2024-12-20 05:20:00+00:00,,FVG_bullish,buy,20998.7,20984.54571,21041.16286,,,0.0,0.0,3.0,0.0,0.0,1.0,10000.0,10000.0
100,101,2024-12-20 05:15:00+00:00,2024-12-20 05:20:00+00:00,,FVG_bullish,buy,20998.7,20984.54571,21041.16286,,,0.0,0.0,3.0,0.0,0.0,1.0,10000.0,10000.0
101,102,2024-12-20 05:35:00+00:00,2024-12-20 05:40:00+00:00,,FVG_bullish,buy,20981.88,20967.71786,21024.36643,,,0.0,0.0,3.0,0.0,0.0,1.0,10000.0,10000.0
102,103,2024-12-20 06:20:00+00:00,2024-12-20 06:25:00+00:00,,FVG_bullish,buy,20970.75,20955.35929,21016.92214,,,0.0,0.0,3.0,0.0,0.0,1.0,10000.0,10000.0
103,104,2024-12-20 06:20:00+00:00,2024-12-20 06:25:00+00:00,,FVG_bullish,buy,20970.75,20955.35929,21016.92214,,,0.0,0.0,3.0,0.0,0.0,1.0,10000.0,10000.0
104,105,2024-12-20 16:40:00+00:00,2024-12-20 16:45:00+00:00,,FVG_bearish,sell,20974.125,21018.22929,20841.81214,,,0.0,0.0,3.0,0.0,0.0,1.0,10000.0,10000.0
105,106,2024-12-20 17:05:00+00:00,2024-12-20 17:10:00+00:00,,FVG_bearish,sell,21007.62,21062.93357,20841.67929,,,0.0,0.0,3.0,0.0,0.0,1.0,10000.0,10000.0
106,107,2024-12-20 18:05:00+00:00,2024-12-20 18:10:00+00:00,,FVG_bearish,sell,21308.24,21367.14714,21131.51857,,,0.0,0.0,3.0,0.0,0.0,1.0,10000.0,10000.0
107,108,2024-12-23 01:20:00+00:00,2024-12-23 01:25:00+00:00,,FVG_bullish,buy,21385.125,21357.67857,21467.46429,,,0.0,0.0,3.0,0.0,0.0,1.0,10000.0,10000.0
108,109,2024-12-24 10:40:00+00:00,2024-12-24 10:45:00+00:00,,FVG_bearish,sell,21505.685,21518.97357,21465.81929,,,0.0,0.0,3.0,0.0,0.0,1.0,10000.0,10000.0
109,110,2024-12-26 06:40:00+00:00,2024-12-26 06:45:00+00:00,,FVG_bearish,sell,21846.625,21852.68929,21828.43214,,,0.0,0.0,3.0,0.0,0.0,1.0,10000.0,10000.0
110,111,2024-12-26 06:40:00+00:00,2024-12-26 06:45:00+00:00,,FVG_bearish,sell,21846.625,21852.68929,21828.43214,,,0.0,0.0,3.0,0.0,0.0,1.0,10000.0,10000.0
111,112,2024-12-26 07:35:00+00:00,2024-12-26 07:40:00+00:00,,FVG_bearish,sell,21839.59,21846.77286,21818.04143,,,0.0,0.0,3.0,0.0,0.0,1.0,10000.0,10000.0
112,113,2024-12-26 11:55:00+00:00,2024-12-26 12:00:00+00:00,,FVG_bullish,buy,21709.065,21685.77786,21778.92643,,,0.0,0.0,3.0,0.0,0.0,1.0,10000.0,10000.0
113,114,2024-12-26 11:55:00+00:00,2024-12-26 12:00:00+00:00,,FVG_bullish,buy,21709.065,21685.77786,21778.92643,,,0.0,0.0,3.0,0.0,0.0,1.0,10000.0,10000.0
114,115,2024-12-26 12:05:00+00:00,2024-12-26 12:10:00+00:00,,FVG_bullish,buy,21672.93,21647.91,21747.99,,,0.0,0.0,3.0,0.0,0.0,1.0,10000.0,10000.0
115,116,2024-12-26 18:45:00+00:00,2024-12-26 18:50:00+00:00,,FVG_bearish,sell,21785.635,21805.32,21726.58,,,0.0,0.0,3.0,0.0,0.0,1.0,10000.0,10000.0
116,117,2024-12-27 11:55:00+00:00,2024-12-27 12:00:00+00:00,,FVG_bullish,buy,21687.33,21677.56,21716.64,,,0.0,0.0,3.0,0.0,0.0,1.0,10000.0,10000.0
117,118,2024-12-27 17:05:00+00:00,2024-12-27 17:10:00+00:00,,FVG_bullish,buy,21445.335,21399.06857,21584.13429,,,0.0,0.0,3.0,0.0,0.0,1.0,10000.0,10000.0
118,119,2024-12-30 15:40:00+00:00,2024-12-30 15:45:00+00:00,,FVG_bullish,buy,21215.38,21178.82429,21325.04714,,,0.0,0.0,3.0,0.0,0.0,1.0,10000.0,10000.0
119,120,2024-12-31 12:40:00+00:00,2024-12-31 12:45:00+00:00,,FVG_bearish,sell,21270.525,21284.30286,21229.19143,,,0.0,0.0,3.0,0.0,0.0,1.0,10000.0,10000.0
120,121,2024-12-31 18:05:00+00:00,2024-12-31 18:10:00+00:00,,FVG_bullish,buy,21157.8,21107.36,21309.12,,,0.0,0.0,3.0,0.0,0.0,1.0,10000.0,10000.0
121,122,2024-12-31 22:55:00+00:00,2024-12-31 23:00:00+00:00,,FVG_bullish,buy,21030.97,20985.63,21166.99,,,0.0,0.0,3.0,0.0,0.0,1.0,10000.0,10000.0
122,123,2025-01-02 08:20:00+00:00,2025-01-02 08:25:00+00:00,,FVG_bearish,sell,21164.855,21175.31571,21133.47286,,,0.0,0.0,3.0,0.0,0.0,1.0,10000.0,10000.0
123,124,2025-01-02 17:25:00+00:00,2025-01-02 17:30:00+00:00,,FVG_bullish,buy,21137.995,21073.46429,21331.58714,,,0.0,0.0,3.0,0.0,0.0,1.0,10000.0,10000.0
124,125,2025-01-03 03:55:00+00:00,2025-01-03 04:00:00+00:00,,FVG_bearish,sell,21026.94,21038.83571,20991.25286,,,0.0,0.0,3.0,0.0,0.0,1.0,10000.0,10000.0
125,126,2025-01-06 16:35:00+00:00,2025-01-06 16:40:00+00:00,,FVG_bearish,sell,21554.415,21586.06143,21459.47571,,,0.0,0.0,3.0,0.0,0.0,1.0,10000.0,10000.0
126,127,2025-01-06 16:35:00+00:00,2025-01-06 16:40:00+00:00,,FVG_bearish,sell,21554.415,21586.06143,21459.47571,,,0.0,0.0,3.0,0.0,0.0,1.0,10000.0,10000.0
127,128,2025-01-07 07:25:00+00:00,2025-01-07 07:30:00+00:00,,FVG_bullish,buy,21516.385,21503.76714,21554.23857,,,0.0,0.0,3.0,0.0,0.0,1.0,10000.0,10000.0
128,129,2025-01-07 23:40:00+00:00,2025-01-07 23:45:00+00:00,,FVG_bullish,buy,21196.255,21177.26429,21253.22714,,,0.0,0.0,3.0,0.0,0.0,1.0,10000.0,10000.0
129,130,2025-01-08 04:55:00+00:00,2025-01-08 05:00:00+00:00,,FVG_bearish,sell,21231.44,21240.24071,21205.03786,,,0.0,0.0,3.0,0.0,0.0,1.0,10000.0,10000.0
130,131,2025-01-08 04:55:00+00:00,2025-01-08 05:00:00+00:00,,FVG_bearish,sell,21231.44,21240.24071,21205.03786,,,0.0,0.0,3.0,0.0,0.0,1.0,10000.0,10000.0
131,132,2025-01-10 14:40:00+00:00,2025-01-10 14:45:00+00:00,,FVG_bearish,sell,21136.215,21157.28286,21073.01143,,,0.0,0.0,3.0,0.0,0.0,1.0,10000.0,10000.0
132,133,2025-01-10 18:05:00+00:00,2025-01-10 18:10:00+00:00,,FVG_bullish,buy,20813.76,20750.47143,21003.62571,,,0.0,0.0,3.0,0.0,0.0,1.0,10000.0,10000.0
133,134,2025-01-13 11:05:00+00:00,2025-01-13 11:10:00+00:00,,FVG_bullish,buy,20604.535,20574.33571,20695.13286,,,0.0,0.0,3.0,0.0,0.0,1.0,10000.0,10000.0
134,135,2025-01-13 12:55:00+00:00,2025-01-13 13:00:00+00:00,,FVG_bullish,buy,20589.8,20573.29786,20639.30643,,,0.0,0.0,3.0,0.0,0.0,1.0,10000.0,10000.0
135,136,2025-01-13 12:55:00+00:00,2025-01-13 13:00:00+00:00,,FVG_bullish,buy,20589.8,20573.29786,20639.30643,,,0.0,0.0,3.0,0.0,0.0,1.0,10000.0,10000.0
136,137,2025-01-13 20:00:00+00:00,2025-01-13 20:05:00+00:00,,FVG_bearish,sell,20704.77,20738.61714,20603.22857,,,0.0,0.0,3.0,0.0,0.0,1.0,10000.0,10000.0
137,138,2025-01-13 21:30:00+00:00,2025-01-13 21:35:00+00:00,,FVG_bearish,sell,20707.81,20738.90071,20614.53786,,,0.0,0.0,3.0,0.0,0.0,1.0,10000.0,10000.0
138,139,2025-01-14 17:15:00+00:00,2025-01-14 17:20:00+00:00,,FVG_bearish,sell,20909.845,20958.42929,20764.09214,,,0.0,0.0,3.0,0.0,0.0,1.0,10000.0,10000.0
139,140,2025-01-14 19:35:00+00:00,2025-01-14 19:40:00+00:00,,FVG_bullish,buy,20678.2,20644.79071,20778.42786,,,0.0,0.0,3.0,0.0,0.0,1.0,10000.0,10000.0
140,141,2025-01-14 19:35:00+00:00,2025-01-14 19:40:00+00:00,,FVG_bullish,buy,20678.2,20644.79071,20778.42786,,,0.0,0.0,3.0,0.0,0.0,1.0,10000.0,10000.0
141,142,2025-01-15 19:10:00+00:00,2025-01-15 19:15:00+00:00,,FVG_bearish,sell,21133.21,21167.55571,21030.17286,,,0.0,0.0,3.0,0.0,0.0,1.0,10000.0,10000.0
142,143,2025-01-16 07:05:00+00:00,2025-01-16 07:10:00+00:00,,FVG_bullish,buy,21222.125,21216.00214,21240.49357,,,0.0,0.0,3.0,0.0,0.0,1.0,10000.0,10000.0
143,144,2025-01-17 04:15:00+00:00,2025-01-17 04:20:00+00:00,,FVG_bearish,sell,21121.44,21128.74071,21099.53786,,,0.0,0.0,3.0,0.0,0.0,1.0,10000.0,10000.0
144,145,2025-01-20 03:20:00+00:00,2025-01-20 03:25:00+00:00,,FVG_bullish,buy,21402.115,21390.01357,21438.41929,,,0.0,0.0,3.0,0.0,0.0,1.0,10000.0,10000.0
145,146,2025-01-20 03:20:00+00:00,2025-01-20 03:25:00+00:00,,FVG_bullish,buy,21402.115,21390.01357,21438.41929,,,0.0,0.0,3.0,0.0,0.0,1.0,10000.0,10000.0
146,147,2025-01-20 09:55:00+00:00,2025-01-20 10:00:00+00:00,,FVG_bearish,sell,21467.215,21475.96429,21440.96714,,,0.0,0.0,3.0,0.0,0.0,1.0,10000.0,10000.0
147,148,2025-01-20 15:05:00+00:00,2025-01-20 15:10:00+00:00,,FVG_bullish,buy,21427.44,21413.295,21469.875,,,0.0,0.0,3.0,0.0,0.0,1.0,10000.0,10000.0
148,149,2025-01-20 15:05:00+00:00,2025-01-20 15:10:00+00:00,,FVG_bullish,buy,21427.44,21413.295,21469.875,,,0.0,0.0,3.0,0.0,0.0,1.0,10000.0,10000.0
149,150,2025-01-22 06:40:00+00:00,2025-01-22 06:45:00+00:00,,FVG_bearish,sell,21715.185,21721.21357,21697.09929,,,0.0,0.0,3.0,0.0,0.0,1.0,10000.0,10000.0
150,151,2025-01-23 09:45:00+00:00,2025-01-23 09:50:00+00:00,,FVG_bullish,buy,21787.48,21779.44857,21811.57429,,,0.0,0.0,3.0,0.0,0.0,1.0,10000.0,10000.0
151,152,2025-01-23 09:55:00+00:00,2025-01-23 10:00:00+00:00,,FVG_bullish,buy,21778.06,21769.58429,21803.48714,,,0.0,0.0,3.0,0.0,0.0,1.0,10000.0,10000.0
152,153,2025-01-23 23:00:00+00:00,2025-01-23 23:05:00+00:00,,FVG_bearish,sell,21874.03,21893.20714,21816.49857,,,0.0,0.0,3.0,0.0,0.0,1.0,10000.0,10000.0
153,154,2025-01-24 19:30:00+00:00,2025-01-24 19:35:00+00:00,,FVG_bullish,buy,21854.425,21836.29,21908.83,,,0.0,0.0,3.0,0.0,0.0,1.0,10000.0,10000.0
154,155,2025-01-24 20:35:00+00:00,2025-01-24 20:40:00+00:00,,FVG_bullish,buy,21796.055,21777.64071,21851.29786,,,0.0,0.0,3.0,0.0,0.0,1.0,10000.0,10000.0
155,156,2025-01-24 20:45:00+00:00,2025-01-24 20:50:00+00:00,,FVG_bullish,buy,21781.06,21761.22143,21840.57571,,,0.0,0.0,3.0,0.0,0.0,1.0,10000.0,10000.0
156,157,2025-01-27 02:10:00+00:00,2025-01-27 02:15:00+00:00,,FVG_bullish,buy,21522.69,21502.28,21583.92,,,0.0,0.0,3.0,0.0,0.0,1.0,10000.0,10000.0
157,158,2025-01-27 02:10:00+00:00,2025-01-27 02:15:00+00:00,,FVG_bullish,buy,21522.69,21502.28,21583.92,,,0.0,0.0,3.0,0.0,0.0,1.0,10000.0,10000.0
158,159,2025-01-27 10:00:00+00:00,2025-01-27 10:05:00+00:00,,FVG_bullish,buy,21184.005,21156.38,21266.88,,,0.0,0.0,3.0,0.0,0.0,1.0,10000.0,10000.0
159,160,2025-01-27 11:50:00+00:00,2025-01-27 11:55:00+00:00,,FVG_bullish,buy,21066.505,21031.345,21171.985,,,0.0,0.0,3.0,0.0,0.0,1.0,10000.0,10000.0
160,161,2025-01-27 12:05:00+00:00,2025-01-27 12:10:00+00:00,,FVG_bullish,buy,21014.755,20976.77357,21128.69929,,,0.0,0.0,3.0,0.0,0.0,1.0,10000.0,10000.0
161,162,2025-01-28 01:45:00+00:00,2025-01-28 01:50:00+00:00,,FVG_bearish,sell,21160.195,21188.41,21075.55,,,0.0,0.0,3.0,0.0,0.0,1.0,10000.0,10000.0
162,163,2025-01-28 01:55:00+00:00,2025-01-28 02:00:00+00:00,,FVG_bearish,sell,21182.55,21212.08071,21093.95786,,,0.0,0.0,3.0,0.0,0.0,1.0,10000.0,10000.0
163,164,2025-01-28 22:20:00+00:00,2025-01-28 22:25:00+00:00,,FVG_bearish,sell,21486.59,21504.72143,21432.19571,,,0.0,0.0,3.0,0.0,0.0,1.0,10000.0,10000.0
164,165,2025-01-29 16:35:00+00:00,2025-01-29 16:40:00+00:00,,FVG_bullish,buy,21460.17,21434.69571,21536.59286,,,0.0,0.0,3.0,0.0,0.0,1.0,10000.0,10000.0
165,166,2025-01-29 20:40:00+00:00,2025-01-29 20:45:00+00:00,,FVG_bullish,buy,21353.58,21314.91643,21469.57071,,,0.0,0.0,3.0,0.0,0.0,1.0,10000.0,10000.0
166,167,2025-01-29 22:30:00+00:00,2025-01-29 22:35:00+00:00,,FVG_bearish,sell,21443.435,21504.03,21261.65,,,0.0,0.0,3.0,0.0,0.0,1.0,10000.0,10000.0
167,168,2025-01-30 17:40:00+00:00,2025-01-30 17:45:00+00:00,,FVG_bearish,sell,21427.575,21487.315,21248.355,,,0.0,0.0,3.0,0.0,0.0,1.0,10000.0,10000.0
168,169,2025-01-30 18:00:00+00:00,2025-01-30 18:05:00+00:00,,FVG_bullish,buy,21379.25,21323.71714,21545.84857,,,0.0,0.0,3.0,0.0,0.0,1.0,10000.0,10000.0
169,170,2025-01-30 22:55:00+00:00,2025-01-30 23:00:00+00:00,,FVG_bearish,sell,21489.385,21527.34357,21375.50929,,,0.0,0.0,3.0,0.0,0.0,1.0,10000.0,10000.0
170,171,2025-01-31 05:20:00+00:00,2025-01-31 05:25:00+00:00,,FVG_bearish,sell,21632.755,21641.77714,21605.68857,,,0.0,0.0,3.0,0.0,0.0,1.0,10000.0,10000.0
171,172,2025-01-31 10:20:00+00:00,2025-01-31 10:25:00+00:00,,FVG_bearish,sell,21662.73,21676.25857,21622.14429,,,0.0,0.0,3.0,0.0,0.0,1.0,10000.0,10000.0
172,173,2025-01-31 22:05:00+00:00,2025-01-31 22:10:00+00:00,,FVG_bullish,buy,21515.475,21461.75214,21676.64357,,,0.0,0.0,3.0,0.0,0.0,1.0,10000.0,10000.0
173,174,2025-02-04 09:25:00+00:00,2025-02-04 09:30:00+00:00,,FVG_bullish,buy,21301.66,21280.75,21364.39,,,0.0,0.0,3.0,0.0,0.0,1.0,10000.0,10000.0
174,175,2025-02-04 09:25:00+00:00,2025-02-04 09:30:00+00:00,,FVG_bullish,buy,21301.66,21280.75,21364.39,,,0.0,0.0,3.0,0.0,0.0,1.0,10000.0,10000.0
175,176,2025-02-05 09:05:00+00:00,2025-02-05 09:10:00+00:00,,FVG_bullish,buy,21400.945,21388.86929,21437.17214,,,0.0,0.0,3.0,0.0,0.0,1.0,10000.0,10000.0
176,177,2025-02-05 10:45:00+00:00,2025-02-05 10:50:00+00:00,,FVG_bullish,buy,21374.815,21355.34143,21433.23571,,,0.0,0.0,3.0,0.0,0.0,1.0,10000.0,10000.0
177,178,2025-02-05 11:25:00+00:00,2025-02-05 11:30:00+00:00,,FVG_bullish,buy,21376.19,21352.39357,21447.57929,,,0.0,0.0,3.0,0.0,0.0,1.0,10000.0,10000.0
178,179,2025-02-05 23:00:00+00:00,2025-02-05 23:05:00+00:00,,FVG_bearish,sell,21630.655,21651.13357,21569.21929,,,0.0,0.0,3.0,0.0,0.0,1.0,10000.0,10000.0
179,180,2025-02-06 03:15:00+00:00,2025-02-06 03:20:00+00:00,,FVG_bearish,sell,21670.11,21678.555,21644.775,,,0.0,0.0,3.0,0.0,0.0,1.0,10000.0,10000.0
180,181,2025-02-06 09:05:00+00:00,2025-02-06 09:10:00+00:00,,FVG_bearish,sell,21712.365,21719.53714,21690.84857,,,0.0,0.0,3.0,0.0,0.0,1.0,10000.0,10000.0
181,182,2025-02-06 09:05:00+00:00,2025-02-06 09:10:00+00:00,,FVG_bearish,sell,21712.365,21719.53714,21690.84857,,,0.0,0.0,3.0,0.0,0.0,1.0,10000.0,10000.0
182,183,2025-02-07 17:55:00+00:00,2025-02-07 18:00:00+00:00,,FVG_bullish,buy,21634.775,21563.02,21850.04,,,0.0,0.0,3.0,0.0,0.0,1.0,10000.0,10000.0
183,184,2025-02-07 17:55:00+00:00,2025-02-07 18:00:00+00:00,,FVG_bullish,buy,21634.775,21563.02,21850.04,,,0.0,0.0,3.0,0.0,0.0,1.0,10000.0,10000.0
184,185,2025-02-07 22:05:00+00:00,2025-02-07 22:10:00+00:00,,FVG_bullish,buy,21508.775,21483.44357,21584.76929,,,0.0,0.0,3.0,0.0,0.0,1.0,10000.0,10000.0
185,186,2025-02-07 22:05:00+00:00,2025-02-07 22:10:00+00:00,,FVG_bullish,buy,21508.775,21483.44357,21584.76929,,,0.0,0.0,3.0,0.0,0.0,1.0,10000.0,10000.0
186,187,2025-02-10 19:40:00+00:00,2025-02-10 19:45:00+00:00,,FVG_bearish,sell,21752.17,21768.96714,21701.77857,,,0.0,0.0,3.0,0.0,0.0,1.0,10000.0,10000.0
187,188,2025-02-10 19:40:00+00:00,2025-02-10 19:45:00+00:00,,FVG_bearish,sell,21752.17,21768.96714,21701.77857,,,0.0,0.0,3.0,0.0,0.0,1.0,10000.0,10000.0
188,189,2025-02-12 07:20:00+00:00,2025-02-12 07:25:00+00:00,,FVG_bullish,buy,21682.87,21677.53714,21698.86857,,,0.0,0.0,3.0,0.0,0.0,1.0,10000.0,10000.0
189,190,2025-02-13 01:50:00+00:00,2025-02-13 01:55:00+00:00,,FVG_bearish,sell,21797.965,21807.64214,21768.93357,,,0.0,0.0,3.0,0.0,0.0,1.0,10000.0,10000.0
190,191,2025-02-13 04:20:00+00:00,2025-02-13 04:25:00+00:00,,FVG_bearish,sell,21794.33,21803.86786,21765.71643,,,0.0,0.0,3.0,0.0,0.0,1.0,10000.0,10000.0
191,192,2025-02-13 09:35:00+00:00,2025-02-13 09:40:00+00:00,,FVG_bullish,buy,21788.0,21777.27643,21820.17071,,,0.0,0.0,3.0,0.0,0.0,1.0,10000.0,10000.0
192,193,2025-02-17 04:15:00+00:00,2025-02-17 04:20:00+00:00,,FVG_bearish,sell,22167.94,22174.65214,22147.80357,,,0.0,0.0,3.0,0.0,0.0,1.0,10000.0,10000.0
193,194,2025-02-17 06:35:00+00:00,2025-02-17 06:40:00+00:00,,FVG_bearish,sell,22177.98,22183.42714,22161.63857,,,0.0,0.0,3.0,0.0,0.0,1.0,10000.0,10000.0
194,195,2025-02-18 04:20:00+00:00,2025-02-18 04:25:00+00:00,,FVG_bearish,sell,22155.875,22160.28571,22142.64286,,,0.0,0.0,3.0,0.0,0.0,1.0,10000.0,10000.0
195,196,2025-02-18 04:40:00+00:00,2025-02-18 04:45:00+00:00,,FVG_bearish,sell,22162.805,22167.35786,22149.14643,,,0.0,0.0,3.0,0.0,0.0,1.0,10000.0,10000.0
196,197,2025-02-18 10:25:00+00:00,2025-02-18 10:30:00+00:00,,FVG_bearish,sell,22208.44,22219.68071,22174.71786,,,0.0,0.0,3.0,0.0,0.0,1.0,10000.0,10000.0
197,198,2025-02-19 05:45:00+00:00,2025-02-19 05:50:00+00:00,,FVG_bearish,sell,22208.465,22212.91857,22195.10429,,,0.0,0.0,3.0,0.0,0.0,1.0,10000.0,10000.0
198,199,2025-02-20 09:05:00+00:00,2025-02-20 09:10:00+00:00,,FVG_bullish,buy,22075.19,22065.75071,22103.50786,,,0.0,0.0,3.0,0.0,0.0,1.0,10000.0,10000.0
199,200,2025-02-20 09:05:00+00:00,2025-02-20 09:10:00+00:00,,FVG_bullish,buy,22075.19,22065.75071,22103.50786,,,0.0,0.0,3.0,0.0,0.0,1.0,10000.0,10000.0
200,201,2025-02-20 09:50:00+00:00,2025-02-20 09:55:00+00:00,,FVG_bullish,buy,22077.64,22068.76071,22104.27786,,,0.0,0.0,3.0,0.0,0.0,1.0,10000.0,10000.0
201,202,2025-02-21 01:35:00+00:00,2025-02-21 01:40:00+00:00,,FVG_bearish,sell,22085.965,22095.58571,22057.10286,,,0.0,0.0,3.0,0.0,0.0,1.0,10000.0,10000.0
202,203,2025-02-21 01:45:00+00:00,2025-02-21 01:50:00+00:00,,FVG_bearish,sell,22098.765,22108.71857,22068.90429,,,0.0,0.0,3.0,0.0,0.0,1.0,10000.0,10000.0
203,204,2025-02-21 12:20:00+00:00,2025-02-21 12:25:00+00:00,,FVG_bearish,sell,22101.38,22108.72643,22079.34071,,,0.0,0.0,3.0,0.0,0.0,1.0,10000.0,10000.0
204,205,2025-02-21 15:15:00+00:00,2025-02-21 15:20:00+00:00,,FVG_bearish,sell,22148.69,22158.55429,22119.09714,,,0.0,0.0,3.0,0.0,0.0,1.0,10000.0,10000.0
205,206,2025-02-21 23:35:00+00:00,2025-02-21 23:40:00+00:00,,FVG_bullish,buy,21607.14,21589.34857,21660.51429,,,0.0,0.0,3.0,0.0,0.0,1.0,10000.0,10000.0
206,207,2025-02-24 10:10:00+00:00,2025-02-24 10:15:00+00:00,,FVG_bullish,buy,21672.54,21657.14071,21718.73786,,,0.0,0.0,3.0,0.0,0.0,1.0,10000.0,10000.0
207,208,2025-02-25 09:05:00+00:00,2025-02-25 09:10:00+00:00,,FVG_bullish,buy,21346.88,21335.82714,21380.03857,,,0.0,0.0,3.0,0.0,0.0,1.0,10000.0,10000.0
208,209,2025-02-25 10:25:00+00:00,2025-02-25 10:30:00+00:00,,FVG_bullish,buy,21317.375,21291.12357,21396.12929,,,0.0,0.0,3.0,0.0,0.0,1.0,10000.0,10000.0
209,210,2025-02-25 18:05:00+00:00,2025-02-25 18:10:00+00:00,,FVG_bullish,buy,21034.435,20972.74929,21219.49214,,,0.0,0.0,3.0,0.0,0.0,1.0,10000.0,10000.0
210,211,2025-02-25 18:05:00+00:00,2025-02-25 18:10:00+00:00,,FVG_bullish,buy,21034.435,20972.74929,21219.49214,,,0.0,0.0,3.0,0.0,0.0,1.0,10000.0,10000.0
211,212,2025-02-27 10:25:00+00:00,2025-02-27 10:30:00+00:00,,FVG_bearish,sell,21217.49,21236.555,21160.295,,,0.0,0.0,3.0,0.0,0.0,1.0,10000.0,10000.0
212,213,2025-02-27 13:10:00+00:00,2025-02-27 13:15:00+00:00,,FVG_bearish,sell,21276.74,21289.35571,21238.89286,,,0.0,0.0,3.0,0.0,0.0,1.0,10000.0,10000.0
213,214,2025-02-27 18:30:00+00:00,2025-02-27 18:35:00+00:00,,FVG_bullish,buy,21053.615,20995.55286,21227.80143,,,0.0,0.0,3.0,0.0,0.0,1.0,10000.0,10000.0
214,215,2025-02-27 23:55:00+00:00,2025-02-28 02:40:00+00:00,,FVG_bullish,buy,20586.61,20561.63214,20661.54357,,,0.0,0.0,3.0,0.0,0.0,1.0,10000.0,10000.0
215,216,2025-02-27 23:55:00+00:00,2025-02-28 02:40:00+00:00,,FVG_bullish,buy,20586.61,20561.63214,20661.54357,,,0.0,0.0,3.0,0.0,0.0,1.0,10000.0,10000.0
216,217,2025-03-03 14:05:00+00:00,2025-03-03 14:10:00+00:00,,FVG_bearish,sell,21013.215,21028.79857,20966.46429,,,0.0,0.0,3.0,0.0,0.0,1.0,10000.0,10000.0
217,218,2025-03-04 08:25:00+00:00,2025-03-04 08:30:00+00:00,,FVG_bearish,sell,20514.66,20532.31929,20461.68214,,,0.0,0.0,3.0,0.0,0.0,1.0,10000.0,10000.0
218,219,2025-03-04 08:50:00+00:00,2025-03-04 08:55:00+00:00,,FVG_bearish,sell,20515.4,20536.07286,20453.38143,,,0.0,0.0,3.0,0.0,0.0,1.0,10000.0,10000.0
219,220,2025-03-04 12:30:00+00:00,2025-03-04 12:35:00+00:00,,FVG_bullish,buy,20439.335,20413.61429,20516.49714,,,0.0,0.0,3.0,0.0,0.0,1.0,10000.0,10000.0
220,221,2025-03-04 20:45:00+00:00,2025-03-04 20:50:00+00:00,,FVG_bearish,sell,20390.865,20447.99143,20219.48571,,,0.0,0.0,3.0,0.0,0.0,1.0,10000.0,10000.0
221,222,2025-03-05 12:40:00+00:00,2025-03-05 12:45:00+00:00,,FVG_bearish,sell,20527.3,20548.85071,20462.64786,,,0.0,0.0,3.0,0.0,0.0,1.0,10000.0,10000.0
222,223,2025-03-06 19:50:00+00:00,2025-03-06 19:55:00+00:00,,FVG_bullish,buy,20103.71,20051.15571,20261.37286,,,0.0,0.0,3.0,0.0,0.0,1.0,10000.0,10000.0
223,224,2025-03-06 21:05:00+00:00,2025-03-06 21:10:00+00:00,,FVG_bullish,buy,20064.415,20017.49714,20205.16857,,,0.0,0.0,3.0,0.0,0.0,1.0,10000.0,10000.0
224,225,2025-03-06 21:20:00+00:00,2025-03-06 21:25:00+00:00,,FVG_bullish,buy,20025.605,19978.885,20165.765,,,0.0,0.0,3.0,0.0,0.0,1.0,10000.0,10000.0
225,226,2025-03-06 22:00:00+00:00,2025-03-06 22:05:00+00:00,,FVG_bullish,buy,20087.105,20029.885,20258.765,,,0.0,0.0,3.0,0.0,0.0,1.0,10000.0,10000.0
226,227,2025-03-07 09:40:00+00:00,2025-03-07 09:45:00+00:00,,FVG_bullish,buy,20117.195,20100.70714,20166.65857,,,0.0,0.0,3.0,0.0,0.0,1.0,10000.0,10000.0
227,228,2025-03-07 09:40:00+00:00,2025-03-07 09:45:00+00:00,,FVG_bullish,buy,20117.195,20100.70714,20166.65857,,,0.0,0.0,3.0,0.0,0.0,1.0,10000.0,10000.0
228,229,2025-03-07 11:50:00+00:00,2025-03-07 11:55:00+00:00,,FVG_bearish,sell,20164.085,20183.86214,20104.75357,,,0.0,0.0,3.0,0.0,0.0,1.0,10000.0,10000.0
229,230,2025-03-07 11:50:00+00:00,2025-03-07 11:55:00+00:00,,FVG_bearish,sell,20164.085,20183.86214,20104.75357,,,0.0,0.0,3.0,0.0,0.0,1.0,10000.0,10000.0
230,231,2025-03-07 16:00:00+00:00,2025-03-07 16:05:00+00:00,,FVG_bullish,buy,20078.245,20027.22214,20231.31357,,,0.0,0.0,3.0,0.0,0.0,1.0,10000.0,10000.0
231,232,2025-03-07 22:10:00+00:00,2025-03-07 22:15:00+00:00,,FVG_bearish,sell,20178.375,20227.91214,20029.76357,,,0.0,0.0,3.0,0.0,0.0,1.0,10000.0,10000.0
232,233,2025-03-10 10:50:00+00:00,2025-03-10 10:55:00+00:00,,FVG_bullish,buy,20083.75,20065.66357,20138.00929,,,0.0,0.0,3.0,0.0,0.0,1.0,10000.0,10000.0
233,234,2025-03-10 12:55:00+00:00,2025-03-10 13:00:00+00:00,,FVG_bullish,buy,19990.875,19963.24143,20073.77571,,,0.0,0.0,3.0,0.0,0.0,1.0,10000.0,10000.0
234,235,2025-03-10 12:55:00+00:00,2025-03-10 13:00:00+00:00,,FVG_bullish,buy,19990.875,19963.24143,20073.77571,,,0.0,0.0,3.0,0.0,0.0,1.0,10000.0,10000.0
235,236,2025-03-10 19:20:00+00:00,2025-03-10 19:25:00+00:00,,FVG_bullish,buy,19528.91,19477.52214,19683.07357,,,0.0,0.0,3.0,0.0,0.0,1.0,10000.0,10000.0
236,237,2025-03-10 22:45:00+00:00,2025-03-10 22:50:00+00:00,,FVG_bullish,buy,19433.915,19367.09571,19634.37286,,,0.0,0.0,3.0,0.0,0.0,1.0,10000.0,10000.0
237,238,2025-03-12 15:20:00+00:00,2025-03-12 15:25:00+00:00,,FVG_bearish,sell,19558.06,19575.79214,19504.86357,,,0.0,0.0,3.0,0.0,0.0,1.0,10000.0,10000.0
238,239,2025-03-12 15:20:00+00:00,2025-03-12 15:25:00+00:00,,FVG_bearish,sell,19558.06,19575.79214,19504.86357,,,0.0,0.0,3.0,0.0,0.0,1.0,10000.0,10000.0
239,240,2025-03-12 15:35:00+00:00,2025-03-12 15:40:00+00:00,,FVG_bearish,sell,19604.625,19637.05643,19507.33071,,,0.0,0.0,3.0,0.0,0.0,1.0,10000.0,10000.0
240,241,2025-03-13 07:20:00+00:00,2025-03-13 07:25:00+00:00,,FVG_bullish,buy,19518.31,19503.21214,19563.60357,,,0.0,0.0,3.0,0.0,0.0,1.0,10000.0,10000.0
241,242,2025-03-13 10:10:00+00:00,2025-03-13 10:15:00+00:00,,FVG_bullish,buy,19434.75,19407.175,19517.475,,,0.0,0.0,3.0,0.0,0.0,1.0,10000.0,10000.0
242,243,2025-03-13 10:55:00+00:00,2025-03-13 11:00:00+00:00,,FVG_bullish,buy,19422.31,19393.31071,19509.30786,,,0.0,0.0,3.0,0.0,0.0,1.0,10000.0,10000.0
243,244,2025-03-13 19:50:00+00:00,2025-03-13 19:55:00+00:00,,FVG_bullish,buy,19292.04,19239.74429,19448.92714,,,0.0,0.0,3.0,0.0,0.0,1.0,10000.0,10000.0
244,245,2025-03-14 04:45:00+00:00,2025-03-14 04:50:00+00:00,,FVG_bearish,sell,19389.025,19404.87571,19341.47286,,,0.0,0.0,3.0,0.0,0.0,1.0,10000.0,10000.0
245,246,2025-03-14 05:55:00+00:00,2025-03-14 06:00:00+00:00,,FVG_bearish,sell,19406.575,19420.02571,19366.22286,,,0.0,0.0,3.0,0.0,0.0,1.0,10000.0,10000.0
246,247,2025-03-14 10:10:00+00:00,2025-03-14 10:15:00+00:00,,FVG_bullish,buy,19367.695,19353.67643,19409.75071,,,0.0,0.0,3.0,0.0,0.0,1.0,10000.0,10000.0
247,248,2025-03-14 10:10:00+00:00,2025-03-14 10:15:00+00:00,,FVG_bullish,buy,19367.695,19353.67643,19409.75071,,,0.0,0.0,3.0,0.0,0.0,1.0,10000.0,10000.0
248,249,2025-03-14 10:35:00+00:00,2025-03-14 10:40:00+00:00,,FVG_bullish,buy,19371.5,19356.33286,19417.00143,,,0.0,0.0,3.0,0.0,0.0,1.0,10000.0,10000.0
249,250,2025-03-14 16:40:00+00:00,2025-03-14 16:45:00+00:00,,FVG_bearish,sell,19534.285,19563.13,19447.75,,,0.0,0.0,3.0,0.0,0.0,1.0,10000.0,10000.0
250,251,2025-03-14 22:55:00+00:00,2025-03-14 23:00:00+00:00,,FVG_bearish,sell,19683.22,19713.93429,19591.07714,,,0.0,0.0,3.0,0.0,0.0,1.0,10000.0,10000.0
251,252,2025-03-17 10:05:00+00:00,2025-03-17 10:10:00+00:00,,FVG_bullish,buy,19563.56,19554.39,19591.07,,,0.0,0.0,3.0,0.0,0.0,1.0,10000.0,10000.0
252,253,2025-03-17 10:05:00+00:00,2025-03-17 10:10:00+00:00,,FVG_bullish,buy,19563.56,19554.39,19591.07,,,0.0,0.0,3.0,0.0,0.0,1.0,10000.0,10000.0
253,254,2025-03-17 15:45:00+00:00,2025-03-17 15:50:00+00:00,,FVG_bearish,sell,19741.81,19764.81429,19672.79714,,,0.0,0.0,3.0,0.0,0.0,1.0,10000.0,10000.0
254,255,2025-03-18 04:20:00+00:00,2025-03-18 04:25:00+00:00,,FVG_bullish,buy,19785.805,19773.63071,19822.32786,,,0.0,0.0,3.0,0.0,0.0,1.0,10000.0,10000.0
255,256,2025-03-18 04:20:00+00:00,2025-03-18 04:25:00+00:00,,FVG_bullish,buy,19785.805,19773.63071,19822.32786,,,0.0,0.0,3.0,0.0,0.0,1.0,10000.0,10000.0
256,257,2025-03-18 13:35:00+00:00,2025-03-18 13:40:00+00:00,,FVG_bullish,buy,19744.775,19724.30643,19806.18071,,,0.0,0.0,3.0,0.0,0.0,1.0,10000.0,10000.0
257,258,2025-03-19 11:45:00+00:00,2025-03-19 11:50:00+00:00,,FVG_bullish,buy,19524.2,19503.20214,19587.19357,,,0.0,0.0,3.0,0.0,0.0,1.0,10000.0,10000.0
258,259,2025-03-19 11:45:00+00:00,2025-03-19 11:50:00+00:00,,FVG_bullish,buy,19524.2,19503.20214,19587.19357,,,0.0,0.0,3.0,0.0,0.0,1.0,10000.0,10000.0
259,260,2025-03-19 16:55:00+00:00,2025-03-19 17:00:00+00:00,,FVG_bearish,sell,19595.31,19628.93357,19494.43929,,,0.0,0.0,3.0,0.0,0.0,1.0,10000.0,10000.0
260,261,2025-03-19 18:10:00+00:00,2025-03-19 18:15:00+00:00,,FVG_bearish,sell,19622.635,19653.03857,19531.42429,,,0.0,0.0,3.0,0.0,0.0,1.0,10000.0,10000.0
261,262,2025-03-19 18:10:00+00:00,2025-03-19 18:15:00+00:00,,FVG_bearish,sell,19622.635,19653.03857,19531.42429,,,0.0,0.0,3.0,0.0,0.0,1.0,10000.0,10000.0
262,263,2025-03-20 15:25:00+00:00,2025-03-20 15:30:00+00:00,,FVG_bullish,buy,19625.405,19606.60857,19681.79429,,,0.0,0.0,3.0,0.0,0.0,1.0,10000.0,10000.0
263,264,2025-03-21 04:40:00+00:00,2025-03-21 04:45:00+00:00,,FVG_bearish,sell,19718.6,19727.66714,19691.39857,,,0.0,0.0,3.0,0.0,0.0,1.0,10000.0,10000.0
264,265,2025-03-21 11:25:00+00:00,2025-03-21 11:30:00+00:00,,FVG_bullish,buy,19605.71,19586.78429,19662.48714,,,0.0,0.0,3.0,0.0,0.0,1.0,10000.0,10000.0
265,266,2025-03-21 12:05:00+00:00,2025-03-21 12:10:00+00:00,,FVG_bullish,buy,19583.87,19558.60643,19659.66071,,,0.0,0.0,3.0,0.0,0.0,1.0,10000.0,10000.0
266,267,2025-03-21 13:25:00+00:00,2025-03-21 13:30:00+00:00,,FVG_bullish,buy,19615.245,19599.95929,19661.10214,,,0.0,0.0,3.0,0.0,0.0,1.0,10000.0,10000.0
267,268,2025-03-24 03:50:00+00:00,2025-03-24 03:55:00+00:00,,FVG_bearish,sell,19914.135,19927.60643,19873.72071,,,0.0,0.0,3.0,0.0,0.0,1.0,10000.0,10000.0
268,269,2025-03-24 11:55:00+00:00,2025-03-24 12:00:00+00:00,,FVG_bearish,sell,20007.085,20021.665,19963.345,,,0.0,0.0,3.0,0.0,0.0,1.0,10000.0,10000.0
269,270,2025-03-24 11:55:00+00:00,2025-03-24 12:00:00+00:00,,FVG_bearish,sell,20007.085,20021.665,19963.345,,,0.0,0.0,3.0,0.0,0.0,1.0,10000.0,10000.0
270,271,2025-03-24 16:05:00+00:00,2025-03-24 16:10:00+00:00,,FVG_bearish,sell,20074.035,20085.96643,20038.24071,,,0.0,0.0,3.0,0.0,0.0,1.0,10000.0,10000.0
271,272,2025-03-24 17:50:00+00:00,2025-03-24 17:55:00+00:00,,FVG_bearish,sell,20139.31,20166.72429,20057.06714,,,0.0,0.0,3.0,0.0,0.0,1.0,10000.0,10000.0
272,273,2025-03-25 13:10:00+00:00,2025-03-25 13:15:00+00:00,,FVG_bullish,buy,20134.0,20122.87286,20167.38143,,,0.0,0.0,3.0,0.0,0.0,1.0,10000.0,10000.0
273,274,2025-03-25 13:10:00+00:00,2025-03-25 13:15:00+00:00,,FVG_bullish,buy,20134.0,20122.87286,20167.38143,,,0.0,0.0,3.0,0.0,0.0,1.0,10000.0,10000.0
274,275,2025-03-25 14:35:00+00:00,2025-03-25 14:40:00+00:00,,FVG_bearish,sell,20186.685,20198.84,20150.22,,,0.0,0.0,3.0,0.0,0.0,1.0,10000.0,10000.0
275,276,2025-03-25 16:10:00+00:00,2025-03-25 16:15:00+00:00,,FVG_bearish,sell,20221.125,20233.245,20184.765,,,0.0,0.0,3.0,0.0,0.0,1.0,10000.0,10000.0
276,277,2025-03-26 17:00:00+00:00,2025-03-26 17:05:00+00:00,,FVG_bullish,buy,20155.245,20122.15643,20254.51071,,,0.0,0.0,3.0,0.0,0.0,1.0,10000.0,10000.0
277,278,2025-03-26 23:05:00+00:00,2025-03-26 23:10:00+00:00,,FVG_bullish,buy,19911.31,19888.35071,19980.18786,,,0.0,0.0,3.0,0.0,0.0,1.0,10000.0,10000.0
278,279,2025-03-26 23:05:00+00:00,2025-03-26 23:10:00+00:00,,FVG_bullish,buy,19911.31,19888.35071,19980.18786,,,0.0,0.0,3.0,0.0,0.0,1.0,10000.0,10000.0
279,280,2025-03-27 08:25:00+00:00,2025-03-27 08:30:00+00:00,,FVG_bearish,sell,19929.825,19936.02,19911.24,,,0.0,0.0,3.0,0.0,0.0,1.0,10000.0,10000.0
280,281,2025-03-27 10:20:00+00:00,2025-03-27 10:25:00+00:00,,FVG_bullish,buy,19912.9,19898.43071,19956.30786,,,0.0,0.0,3.0,0.0,0.0,1.0,10000.0,10000.0
281,282,2025-03-28 03:05:00+00:00,2025-03-28 03:10:00+00:00,,FVG_bullish,buy,19768.435,19753.89071,19812.06786,,,0.0,0.0,3.0,0.0,0.0,1.0,10000.0,10000.0
282,283,2025-03-28 18:05:00+00:00,2025-03-28 18:10:00+00:00,,FVG_bullish,buy,19396.185,19347.62429,19541.86714,,,0.0,0.0,3.0,0.0,0.0,1.0,10000.0,10000.0
283,284,2025-03-28 20:10:00+00:00,2025-03-28 20:15:00+00:00,,FVG_bullish,buy,19290.435,19264.42286,19368.47143,,,0.0,0.0,3.0,0.0,0.0,1.0,10000.0,10000.0
284,285,2025-03-28 21:40:00+00:00,2025-03-28 21:45:00+00:00,,FVG_bullish,buy,19289.335,19265.50357,19360.82929,,,0.0,0.0,3.0,0.0,0.0,1.0,10000.0,10000.0
285,286,2025-03-28 23:20:00+00:00,2025-03-28 23:25:00+00:00,,FVG_bullish,buy,19228.0,19201.125,19308.625,,,0.0,0.0,3.0,0.0,0.0,1.0,10000.0,10000.0
286,287,2025-03-31 03:20:00+00:00,2025-03-31 03:25:00+00:00,,FVG_bullish,buy,19006.495,18976.15214,19097.52357,,,0.0,0.0,3.0,0.0,0.0,1.0,10000.0,10000.0
287,288,2025-03-31 12:45:00+00:00,2025-03-31 12:50:00+00:00,,FVG_bullish,buy,19026.97,19006.33929,19088.86214,,,0.0,0.0,3.0,0.0,0.0,1.0,10000.0,10000.0
288,289,2025-03-31 19:30:00+00:00,2025-03-31 19:35:00+00:00,,FVG_bearish,sell,19065.53,19103.66214,18951.13357,,,0.0,0.0,3.0,0.0,0.0,1.0,10000.0,10000.0
289,290,2025-03-31 20:10:00+00:00,2025-03-31 20:15:00+00:00,,FVG_bearish,sell,19089.31,19126.76429,18976.94714,,,0.0,0.0,3.0,0.0,0.0,1.0,10000.0,10000.0
290,291,2025-03-31 20:10:00+00:00,2025-03-31 20:15:00+00:00,,FVG_bearish,sell,19089.31,19126.76429,18976.94714,,,0.0,0.0,3.0,0.0,0.0,1.0,10000.0,10000.0
291,292,2025-04-01 19:55:00+00:00,2025-04-01 20:00:00+00:00,,FVG_bearish,sell,19381.485,19421.61429,19261.09714,,,0.0,0.0,3.0,0.0,0.0,1.0,10000.0,10000.0
292,293,2025-04-01 19:55:00+00:00,2025-04-01 20:00:00+00:00,,FVG_bearish,sell,19381.485,19421.61429,19261.09714,,,0.0,0.0,3.0,0.0,0.0,1.0,10000.0,10000.0
293,294,2025-04-02 12:55:00+00:00,2025-04-02 13:00:00+00:00,,FVG_bullish,buy,19351.36,19336.38571,19396.28286,,,0.0,0.0,3.0,0.0,0.0,1.0,10000.0,10000.0
294,295,2025-04-02 13:05:00+00:00,2025-04-02 13:10:00+00:00,,FVG_bullish,buy,19334.935,19315.66571,19392.74286,,,0.0,0.0,3.0,0.0,0.0,1.0,10000.0,10000.0
295,296,2025-04-02 19:00:00+00:00,2025-04-02 19:05:00+00:00,,FVG_bearish,sell,19484.82,19525.84429,19361.74714,,,0.0,0.0,3.0,0.0,0.0,1.0,10000.0,10000.0
296,297,2025-04-02 21:40:00+00:00,2025-04-02 21:45:00+00:00,,FVG_bearish,sell,19492.835,19534.06857,19369.13429,,,0.0,0.0,3.0,0.0,0.0,1.0,10000.0,10000.0
297,298,2025-04-03 02:05:00+00:00,2025-04-03 02:10:00+00:00,,FVG_bullish,buy,18754.31,18682.98214,18968.29357,,,0.0,0.0,3.0,0.0,0.0,1.0,10000.0,10000.0
298,299,2025-04-03 09:00:00+00:00,2025-04-03 09:05:00+00:00,,FVG_bullish,buy,18886.395,18860.01429,18965.53714,,,0.0,0.0,3.0,0.0,0.0,1.0,10000.0,10000.0
299,300,2025-04-03 12:40:00+00:00,2025-04-03 12:45:00+00:00,,FVG_bearish,sell,18920.66,18945.63857,18845.72429,,,0.0,0.0,3.0,0.0,0.0,1.0,10000.0,10000.0
300,301,2025-04-04 01:25:00+00:00,2025-04-04 01:30:00+00:00,,FVG_bullish,buy,18475.935,18447.35,18561.69,,,0.0,0.0,3.0,0.0,0.0,1.0,10000.0,10000.0
301,302,2025-04-04 13:45:00+00:00,2025-04-04 13:50:00+00:00,,FVG_bullish,buy,18032.935,17948.08786,18287.47643,,,0.0,0.0,3.0,0.0,0.0,1.0,10000.0,10000.0
302,303,2025-04-04 13:55:00+00:00,2025-04-04 14:00:00+00:00,,FVG_bullish,buy,17953.935,17858.37357,18240.61929,,,0.0,0.0,3.0,0.0,0.0,1.0,10000.0,10000.0
303,304,2025-04-07 15:30:00+00:00,2025-04-07 15:35:00+00:00,,FVG_bearish,sell,16938.875,17019.17214,16697.98357,,,0.0,0.0,3.0,0.0,0.0,1.0,10000.0,10000.0
304,305,2025-04-07 17:55:00+00:00,2025-04-07 18:00:00+00:00,,FVG_bearish,sell,17402.575,17731.10714,16416.97857,,,0.0,0.0,3.0,0.0,0.0,1.0,10000.0,10000.0
305,306,2025-04-08 04:45:00+00:00,2025-04-08 04:50:00+00:00,,FVG_bearish,sell,17694.91,17745.60571,17542.82286,,,0.0,0.0,3.0,0.0,0.0,1.0,10000.0,10000.0
306,307,2025-04-08 23:25:00+00:00,2025-04-08 23:30:00+00:00,,FVG_bullish,buy,17072.445,16971.03357,17376.67929,,,0.0,0.0,3.0,0.0,0.0,1.0,10000.0,10000.0
307,308,2025-04-09 08:40:00+00:00,2025-04-09 08:45:00+00:00,,FVG_bullish,buy,16682.875,16621.64429,16866.56714,,,0.0,0.0,3.0,0.0,0.0,1.0,10000.0,10000.0
308,309,2025-04-09 08:40:00+00:00,2025-04-09 08:45:00+00:00,,FVG_bullish,buy,16682.875,16621.64429,16866.56714,,,0.0,0.0,3.0,0.0,0.0,1.0,10000.0,10000.0
309,310,2025-04-09 10:45:00+00:00,2025-04-09 10:50:00+00:00,,FVG_bearish,sell,17226.12,17324.44643,16931.14071,,,0.0,0.0,3.0,0.0,0.0,1.0,10000.0,10000.0
310,311,2025-04-09 18:10:00+00:00,2025-04-09 18:15:00+00:00,,FVG_bearish,sell,17190.065,17302.16714,16853.75857,,,0.0,0.0,3.0,0.0,0.0,1.0,10000.0,10000.0
311,312,2025-04-09 18:10:00+00:00,2025-04-09 18:15:00+00:00,,FVG_bearish,sell,17190.065,17302.16714,16853.75857,,,0.0,0.0,3.0,0.0,0.0,1.0,10000.0,10000.0
312,313,2025-04-10 11:00:00+00:00,2025-04-10 11:05:00+00:00,,FVG_bullish,buy,18782.75,18724.04714,18958.85857,,,0.0,0.0,3.0,0.0,0.0,1.0,10000.0,10000.0
313,314,2025-04-10 11:35:00+00:00,2025-04-10 11:40:00+00:00,,FVG_bullish,buy,18682.0,18612.34714,18890.95857,,,0.0,0.0,3.0,0.0,0.0,1.0,10000.0,10000.0
314,315,2025-04-10 12:45:00+00:00,2025-04-10 12:50:00+00:00,,FVG_bullish,buy,18722.94,18673.68929,18870.69214,,,0.0,0.0,3.0,0.0,0.0,1.0,10000.0,10000.0
315,316,2025-04-10 12:45:00+00:00,2025-04-10 12:50:00+00:00,,FVG_bullish,buy,18722.94,18673.68929,18870.69214,,,0.0,0.0,3.0,0.0,0.0,1.0,10000.0,10000.0
316,317,2025-04-10 18:00:00+00:00,2025-04-10 18:05:00+00:00,,FVG_bullish,buy,18467.835,18375.54714,18744.69857,,,0.0,0.0,3.0,0.0,0.0,1.0,10000.0,10000.0
317,318,2025-04-10 20:15:00+00:00,2025-04-10 20:20:00+00:00,,FVG_bullish,buy,18051.505,17913.24214,18466.29357,,,0.0,0.0,3.0,0.0,0.0,1.0,10000.0,10000.0
318,319,2025-04-14 07:50:00+00:00,2025-04-14 07:55:00+00:00,2025-04-14 08:00:00,FVG_bearish,sell,18958.8,18972.23857,18918.48429,18972.23857,loss,18984.47,18976.1,3.0,-13.438570000002073,-1343.8570000002073,1.0,10000.0,9986.561429999998
319,320,2025-04-14 17:05:00+00:00,2025-04-14 17:10:00+00:00,2025-04-14 17:41:00,FVG_bearish,sell,18966.175,19028.90929,18777.97214,19028.90929,loss,19036.88,19002.77,3.0,-62.73429000000033,-6273.429000000033,1.0,9986.561429999998,9923.827139999998
320,321,2025-04-17 06:05:00+00:00,2025-04-17 06:10:00+00:00,2025-04-17 06:15:00,FVG_bearish,sell,18381.135,18395.95286,18336.68143,18395.95286,loss,18397.77,18388.15,3.0,-14.817860000002838,-1481.7860000002838,1.0,9923.827139999998,9909.009279999995
321,322,2025-04-17 10:20:00+00:00,2025-04-17 10:25:00+00:00,2025-04-17 10:30:00,FVG_bearish,sell,18475.545,18500.68929,18400.11214,18500.68929,loss,18521.17,18512.0,3.0,-25.144290000000183,-2514.4290000000183,1.0,9909.009279999995,9883.864989999995
322,323,2025-04-21 02:25:00+00:00,2025-04-21 02:30:00+00:00,2025-04-21 03:20:00,FVG_bullish,buy,18184.585,18166.15929,18239.86214,18239.86214,win,18248.17,18226.97,3.0,55.277140000001964,5527.714000000196,1.0,9883.864989999995,9939.142129999997
323,324,2025-04-21 02:25:00+00:00,2025-04-21 02:30:00+00:00,2025-04-21 03:20:00,FVG_bullish,buy,18184.585,18166.15929,18239.86214,18239.86214,win,18248.17,18226.97,3.0,55.277140000001964,5527.714000000196,1.0,9939.142129999997,9994.419269999999
324,325,2025-04-21 17:50:00+00:00,2025-04-21 17:55:00+00:00,2025-04-21 18:15:00,FVG_bullish,buy,17819.145,17773.07786,17957.34643,17773.07786,loss,17789.58,17769.42,3.0,-46.0671399999992,-4606.71399999992,1.0,9994.419269999999,9948.35213
325,326,2025-04-22 03:50:00+00:00,2025-04-22 03:55:00+00:00,2025-04-22 04:07:00,FVG_bearish,sell,17876.535,17899.62,17807.28,17899.62,loss,17904.37,17894.75,3.0,-23.084999999999127,-2308.4999999999127,1.0,9948.35213,9925.26713
326,327,2025-04-22 03:50:00+00:00,2025-04-22 03:55:00+00:00,2025-04-22 04:07:00,FVG_bearish,sell,17876.535,17899.62,17807.28,17899.62,loss,17904.37,17894.75,3.0,-23.084999999999127,-2308.4999999999127,1.0,9925.26713,9902.182130000001
327,328,2025-04-22 20:50:00+00:00,2025-04-22 20:55:00+00:00,2025-04-22 23:00:00,FVG_bullish,buy,18146.535,18090.51786,18314.58643,18314.58643,win,18316.07,18265.48,3.0,168.05142999999953,16805.142999999953,1.0,9902.182130000001,10070.23356
328,329,2025-04-23 02:50:00+00:00,2025-04-23 02:55:00+00:00,2025-04-23 03:34:00,FVG_bearish,sell,18636.625,18660.90357,18563.78929,18563.78929,win,18576.97,18562.62,3.0,72.83570999999938,7283.570999999938,1.0,10070.23356,10143.06927
329,330,2025-04-23 16:25:00+00:00,2025-04-23 16:30:00+00:00,2025-04-23 16:35:00,FVG_bearish,sell,18829.81,18851.92429,18763.46714,18851.92429,loss,18877.85,18841.4,3.0,-22.11428999999771,-2211.428999999771,1.0,10143.06927,10120.954980000002
330,331,2025-04-24 15:40:00+00:00,2025-04-24 15:45:00+00:00,2025-04-24 16:24:00,FVG_bearish,sell,18723.185,18750.825,18640.265,18750.825,loss,18752.37,18741.25,3.0,-27.639999999999418,-2763.999999999942,1.0,10120.954980000002,10093.314980000003
331,332,2025-04-24 20:55:00+00:00,2025-04-24 21:00:00+00:00,2025-04-24 21:06:00,FVG_bearish,sell,19138.17,19166.18429,19054.12714,19166.18429,loss,19178.04,19157.78,3.0,-28.014290000002802,-2801.42900000028,1.0,10093.314980000003,10065.30069
332,333,2025-04-24 23:40:00+00:00,2025-04-24 23:45:00+00:00,2025-04-25 01:00:00,FVG_bearish,sell,19236.975,19269.19357,19140.31929,19269.19357,loss,19303.47,19265.22,3.0,-32.21857000000091,-3221.857000000091,1.0,10065.30069,10033.08212
333,334,2025-04-25 12:45:00+00:00,2025-04-25 12:50:00+00:00,2025-04-25 13:07:00,FVG_bullish,buy,19271.16,19251.28643,19330.78071,19251.28643,loss,19262.12,19250.9,3.0,-19.873569999999745,-1987.3569999999745,1.0,10033.08212,10013.20855
334,335,2025-04-25 13:10:00+00:00,2025-04-25 13:15:00+00:00,2025-04-25 13:20:00,FVG_bullish,buy,19260.05,19241.73429,19314.99714,19241.73429,loss,19245.12,19203.62,3.0,-18.315709999998944,-1831.5709999998944,1.0,10013.20855,9994.89284
335,336,2025-04-25 18:55:00+00:00,2025-04-25 19:00:00+00:00,2025-04-25 19:16:00,FVG_bearish,sell,19241.43,19278.46571,19130.32286,19278.46571,loss,19284.6,19270.93,3.0,-37.03571000000011,-3703.571000000011,1.0,9994.89284,9957.85713
336,337,2025-04-25 18:55:00+00:00,2025-04-25 19:00:00+00:00,2025-04-25 19:16:00,FVG_bearish,sell,19241.43,19278.46571,19130.32286,19278.46571,loss,19284.6,19270.93,3.0,-37.03571000000011,-3703.571000000011,1.0,9957.85713,9920.82142
337,338,2025-04-28 04:25:00+00:00,2025-04-28 04:30:00+00:00,2025-04-28 04:35:00,FVG_bullish,buy,19310.0,19295.54286,19353.37143,19295.54286,loss,19299.87,19284.6,3.0,-14.457139999998617,-1445.7139999998617,1.0,9920.82142,9906.364280000002
338,339,2025-04-28 11:45:00+00:00,2025-04-28 11:50:00+00:00,2025-04-28 11:56:00,FVG_bearish,sell,19370.185,19384.74714,19326.49857,19384.74714,loss,19384.87,19377.75,3.0,-14.56213999999818,-1456.213999999818,1.0,9906.364280000002,9891.802140000003
339,340,2025-04-28 16:45:00+00:00,2025-04-28 16:50:00+00:00,2025-04-28 17:00:00,FVG_bearish,sell,19436.875,19468.83571,19340.99286,19340.99286,win,19368.39,19329.64,3.0,95.88214000000153,9588.214000000153,1.0,9891.802140000003,9987.684280000005
340,341,2025-04-28 18:10:00+00:00,2025-04-28 18:15:00+00:00,2025-04-28 18:20:00,FVG_bullish,buy,19360.585,19316.105,19494.025,19316.105,loss,19301.16,19283.06,3.0,-44.47999999999956,-4447.999999999956,1.0,9987.684280000005,9943.204280000005
341,342,2025-04-28 19:55:00+00:00,2025-04-28 20:00:00+00:00,2025-04-28 20:10:00,FVG_bullish,buy,19217.7,19183.01,19321.77,19183.01,loss,19192.27,19176.35,3.0,-34.69000000000233,-3469.000000000233,1.0,9943.204280000005,9908.514280000003
342,343,2025-04-29 06:25:00+00:00,2025-04-29 06:30:00+00:00,2025-04-29 07:27:00,FVG_bearish,sell,19473.75,19490.13214,19424.60357,19490.13214,loss,19490.77,19483.52,3.0,-16.382140000001527,-1638.2140000001527,1.0,9908.514280000003,9892.132140000002
343,344,2025-04-29 10:55:00+00:00,2025-04-29 11:00:00+00:00,2025-04-29 11:09:00,FVG_bearish,sell,19505.81,19520.39071,19462.06786,19462.06786,win,19469.62,19460.12,3.0,43.74214000000211,4374.214000000211,1.0,9892.132140000002,9935.874280000004
344,345,2025-04-29 16:05:00+00:00,2025-04-29 16:10:00+00:00,2025-04-29 16:15:00,FVG_bullish,buy,19331.495,19300.02929,19425.89214,19300.02929,loss,19306.32,19290.37,3.0,-31.4657100000004,-3146.57100000004,1.0,9935.874280000004,9904.408570000003
345,346,2025-04-30 10:05:00+00:00,2025-04-30 10:10:00+00:00,2025-04-30 10:15:00,FVG_bearish,sell,19462.435,19473.27714,19429.90857,19473.27714,loss,19481.87,19474.87,3.0,-10.842139999997016,-1084.2139999997016,1.0,9904.408570000003,9893.566430000006
346,347,2025-04-30 21:50:00+00:00,2025-04-30 21:55:00+00:00,2025-04-30 22:44:00,FVG_bearish,sell,19385.665,19430.14929,19252.21214,19430.14929,loss,19436.86,19425.8,3.0,-44.48429000000033,-4448.429000000033,1.0,9893.566430000006,9849.082140000006
347,348,2025-04-30 21:50:00+00:00,2025-04-30 21:55:00+00:00,2025-04-30 22:44:00,FVG_bearish,sell,19385.665,19430.14929,19252.21214,19430.14929,loss,19436.86,19425.8,3.0,-44.48429000000033,-4448.429000000033,1.0,9849.082140000006,9804.597850000006
348,349,2025-04-30 22:55:00+00:00,2025-04-30 23:00:00+00:00,2025-04-30 23:05:00,FVG_bearish,sell,19506.195,19549.05143,19377.62571,19549.05143,loss,19659.98,19585.47,3.0,-42.85642999999982,-4285.642999999982,1.0,9804.597850000006,9761.741420000006
349,350,2025-05-01 03:05:00+00:00,2025-05-01 03:10:00+00:00,2025-05-01 03:26:00,FVG_bearish,sell,19823.21,19839.62929,19773.95214,19839.62929,loss,19852.95,19829.47,3.0,-16.419290000001638,-1641.9290000001638,1.0,9761.741420000006,9745.322130000004
350,351,2025-05-01 08:35:00+00:00,2025-05-01 08:40:00+00:00,2025-05-01 08:55:00,FVG_bearish,sell,19854.825,19866.46714,19819.89857,19819.89857,win,19828.2,19817.8,3.0,34.92642999999953,3492.6429999999527,1.0,9745.322130000004,9780.248560000004
351,352,2025-05-01 14:05:00+00:00,2025-05-01 14:10:00+00:00,2025-05-01 14:48:00,FVG_bearish,sell,19908.11,19923.94214,19860.61357,19923.94214,loss,19925.47,19908.47,3.0,-15.832139999998617,-1583.2139999998617,1.0,9780.248560000004,9764.416420000005
352,353,2025-05-01 14:50:00+00:00,2025-05-01 14:55:00+00:00,2025-05-01 15:12:00,FVG_bearish,sell,19910.125,19928.32571,19855.52286,19928.32571,loss,19928.6,19915.97,3.0,-18.20071000000098,-1820.0710000000981,1.0,9764.416420000005,9746.215710000004
353,354,2025-05-02 17:15:00+00:00,2025-05-02 17:20:00+00:00,2025-05-02 18:16:00,FVG_bearish,sell,20050.225,20093.25714,19921.12857,20093.25714,loss,20094.14,20087.69,3.0,-43.03214000000298,-4303.214000000298,1.0,9746.215710000004,9703.183570000001
354,355,2025-05-05 09:40:00+00:00,2025-05-05 09:45:00+00:00,2025-05-05 10:16:00,FVG_bearish,sell,19993.035,20006.75714,19951.86857,19951.86857,win,19957.82,19949.97,3.0,41.16643000000113,4116.643000000113,1.0,9703.183570000001,9744.350000000002
355,356,2025-05-05 19:05:00+00:00,2025-05-05 19:10:00+00:00,2025-05-05 19:20:00,FVG_bearish,sell,20015.31,20039.42571,19942.96286,20039.42571,loss,20042.57,20034.23,3.0,-24.115709999998217,-2411.5709999998217,1.0,9744.350000000002,9720.234290000004
356,357,2025-05-06 04:40:00+00:00,2025-05-06 04:45:00+00:00,2025-05-06 04:53:00,FVG_bullish,buy,19882.01,19868.40929,19922.81214,19868.40929,loss,19871.72,19865.2,3.0,-13.600709999998799,-1360.0709999998799,1.0,9720.234290000004,9706.633580000005
357,358,2025-05-06 16:55:00+00:00,2025-05-06 17:00:00+00:00,2025-05-06 17:20:00,FVG_bullish,buy,19701.16,19671.79357,19789.25929,19789.25929,win,19803.44,19778.26,3.0,88.09929000000193,8809.929000000193,1.0,9706.633580000005,9794.732870000007
358,359,2025-05-07 16:10:00+00:00,2025-05-07 16:15:00+00:00,2025-05-07 16:30:00,FVG_bullish,buy,19815.515,19790.59571,19890.27286,19790.59571,loss,19818.67,19782.52,3.0,-24.919289999998,-2491.9289999998,1.0,9794.732870000007,9769.81358000001
359,360,2025-05-07 21:50:00+00:00,2025-05-07 21:55:00+00:00,2025-05-07 22:42:00,FVG_bullish,buy,19722.64,19661.45571,19906.19286,19906.19286,win,19934.25,19829.35,3.0,183.55285999999978,18355.28599999998,1.0,9769.81358000001,9953.366440000009
360,361,2025-05-07 21:50:00+00:00,2025-05-07 21:55:00+00:00,2025-05-07 22:42:00,FVG_bullish,buy,19722.64,19661.45571,19906.19286,19906.19286,win,19934.25,19829.35,3.0,183.55285999999978,18355.28599999998,1.0,9953.366440000009,10136.919300000009
361,362,2025-05-07 23:40:00+00:00,2025-05-07 23:45:00+00:00,2025-05-08 03:57:00,FVG_bearish,sell,19868.135,19930.75714,19680.26857,19930.75714,loss,19952.85,19892.45,3.0,-62.62214000000313,-6262.214000000313,1.0,10136.919300000009,10074.297160000006
362,363,2025-05-08 02:05:00+00:00,2025-05-08 02:10:00+00:00,2025-05-08 02:26:00,FVG_bearish,sell,19866.735,19882.11429,19820.59714,19882.11429,loss,19882.22,19877.35,3.0,-15.379290000000765,-1537.9290000000765,1.0,10074.297160000006,10058.917870000005
363,364,2025-05-08 12:30:00+00:00,2025-05-08 12:35:00+00:00,2025-05-08 12:40:00,FVG_bearish,sell,20154.045,20164.77,20121.87,20164.77,loss,20170.75,20165.05,3.0,-10.725000000002183,-1072.5000000002183,1.0,10058.917870000005,10048.192870000003
364,365,2025-05-09 14:50:00+00:00,2025-05-09 14:55:00+00:00,2025-05-09 15:06:00,FVG_bearish,sell,20121.25,20149.70929,20035.87214,20149.70929,loss,20153.26,20144.89,3.0,-28.459289999998873,-2845.9289999998873,1.0,10048.192870000003,10019.733580000004
365,366,2025-05-12 02:05:00+00:00,2025-05-12 02:10:00+00:00,2025-05-12 02:19:00,FVG_bearish,sell,20342.335,20388.37143,20204.22571,20388.37143,loss,20389.4,20377.27,3.0,-46.03643000000011,-4603.643000000011,1.0,10019.733580000004,9973.697150000004
366,367,2025-05-12 04:10:00+00:00,2025-05-12 04:15:00+00:00,2025-05-12 04:28:00,FVG_bearish,sell,20448.27,20465.36071,20396.99786,20465.36071,loss,20466.9,20457.05,3.0,-17.0907100000004,-1709.07100000004,1.0,9973.697150000004,9956.606440000003
367,368,2025-05-12 06:55:00+00:00,2025-05-12 07:00:00+00:00,2025-05-12 07:31:00,FVG_bearish,sell,20444.96,20454.25357,20417.07929,20454.25357,loss,20455.4,20452.02,3.0,-9.293570000001637,-929.3570000001637,1.0,9956.606440000003,9947.312870000002
368,369,2025-05-13 13:45:00+00:00,2025-05-13 13:50:00+00:00,2025-05-13 13:55:00,FVG_bearish,sell,20811.31,20824.17,20772.73,20824.17,loss,20828.5,20825.25,3.0,-12.859999999996944,-1285.9999999996944,1.0,9947.312870000002,9934.452870000005
369,370,2025-05-13 19:15:00+00:00,2025-05-13 19:20:00+00:00,2025-05-13 19:25:00,FVG_bearish,sell,21185.12,21208.16786,21115.97643,21208.16786,loss,21221.37,21196.92,3.0,-23.0478600000024,-2304.78600000024,1.0,9934.452870000005,9911.405010000002
370,371,2025-05-14 10:00:00+00:00,2025-05-14 10:05:00+00:00,2025-05-14 10:10:00,FVG_bearish,sell,21253.655,21264.95643,21219.75071,21264.95643,loss,21267.0,21262.75,3.0,-11.301429999999527,-1130.1429999999527,1.0,9911.405010000002,9900.103580000003
371,372,2025-05-15 11:55:00+00:00,2025-05-15 12:00:00+00:00,2025-05-15 12:06:00,FVG_bullish,buy,21140.39,21120.04071,21201.43786,21120.04071,loss,21124.0,21117.63,3.0,-20.34928999999829,-2034.928999999829,1.0,9900.103580000003,9879.754290000004
372,373,2025-05-15 13:05:00+00:00,2025-05-15 13:10:00+00:00,2025-05-15 13:19:00,FVG_bullish,buy,21167.49,21151.82786,21214.47643,21151.82786,loss,21154.5,21149.5,3.0,-15.662140000000363,-1566.2140000000363,1.0,9879.754290000004,9864.092150000004
373,374,2025-05-15 21:35:00+00:00,2025-05-15 21:40:00+00:00,2025-05-15 22:25:00,FVG_bearish,sell,21329.48,21353.98286,21255.97143,21255.97143,win,21270.91,21244.02,3.0,73.50856999999814,7350.856999999814,1.0,9864.092150000004,9937.600720000002
374,375,2025-05-16 22:10:00+00:00,2025-05-16 22:15:00+00:00,2025-05-16 22:58:00,FVG_bearish,sell,21413.825,21428.18214,21370.75357,21428.18214,loss,21430.73,21420.1,3.0,-14.357140000000072,-1435.7140000000072,1.0,9937.600720000002,9923.243580000002
375,376,2025-05-16 22:50:00+00:00,2025-05-16 22:55:00+00:00,2025-05-16 23:00:00,FVG_bearish,sell,21406.125,21422.67357,21356.47929,21422.67357,loss,21428.1,21411.48,3.0,-16.548569999999017,-1654.8569999999017,1.0,9923.243580000002,9906.695010000003
376,377,2025-05-16 22:50:00+00:00,2025-05-16 22:55:00+00:00,2025-05-16 23:00:00,FVG_bearish,sell,21406.125,21422.67357,21356.47929,21422.67357,loss,21428.1,21411.48,3.0,-16.548569999999017,-1654.8569999999017,1.0,9906.695010000003,9890.146440000004
377,378,2025-05-19 05:50:00+00:00,2025-05-19 05:55:00+00:00,2025-05-19 06:00:00,FVG_bullish,buy,21198.855,21186.14714,21236.97857,21186.14714,loss,21186.13,21177.4,3.0,-12.707859999998618,-1270.7859999998618,1.0,9890.146440000004,9877.438580000005
378,379,2025-05-19 20:10:00+00:00,2025-05-19 20:15:00+00:00,2025-05-19 21:18:00,FVG_bearish,sell,21449.24,21470.68286,21384.91143,21384.91143,win,21393.26,21376.37,3.0,64.32857000000149,6432.857000000149,1.0,9877.438580000005,9941.767150000007
379,380,2025-05-20 18:00:00+00:00,2025-05-20 18:05:00+00:00,2025-05-20 18:45:00,FVG_bullish,buy,21354.07,21323.15,21446.83,21323.15,loss,21330.22,21322.25,3.0,-30.919999999998254,-3091.9999999998254,1.0,9941.767150000007,9910.847150000009
380,381,2025-05-20 22:05:00+00:00,2025-05-20 22:10:00+00:00,2025-05-20 22:54:00,FVG_bullish,buy,21274.095,21244.61357,21362.53929,21362.53929,win,21366.15,21349.41,3.0,88.44428999999946,8844.428999999946,1.0,9910.847150000009,9999.291440000008
381,382,2025-05-21 05:45:00+00:00,2025-05-21 05:50:00+00:00,2025-05-21 05:57:00,FVG_bullish,buy,21317.57,21306.07429,21352.05714,21306.07429,loss,21307.57,21305.07,3.0,-11.495709999999235,-1149.5709999999235,1.0,9999.291440000008,9987.795730000009
382,383,2025-05-21 09:40:00+00:00,2025-05-21 09:45:00+00:00,2025-05-21 09:50:00,FVG_bullish,buy,21240.785,21225.51786,21286.58643,21225.51786,loss,21230.75,21220.17,3.0,-15.267139999999927,-1526.7139999999927,1.0,9987.795730000009,9972.528590000009
383,384,2025-05-21 15:25:00+00:00,2025-05-21 15:30:00+00:00,2025-05-21 16:25:00,FVG_bearish,sell,21245.95,21263.00571,21194.78286,21194.78286,win,21211.22,21192.47,3.0,51.16714000000138,5116.714000000138,1.0,9972.528590000009,10023.69573000001
384,385,2025-05-21 22:10:00+00:00,2025-05-21 22:15:00+00:00,2025-05-21 22:21:00,FVG_bullish,buy,21090.415,21042.16357,21235.16929,21042.16357,loss,21059.97,21021.14,3.0,-48.251430000000255,-4825.1430000000255,1.0,10023.69573000001,9975.44430000001
385,386,2025-05-21 23:05:00+00:00,2025-05-21 23:10:00+00:00,2025-05-22 14:59:00,FVG_bullish,buy,21075.635,21031.12429,21209.16714,21031.12429,loss,21040.6,21010.35,3.0,-44.51070999999865,-4451.070999999865,1.0,9975.44430000001,9930.933590000011
386,387,2025-05-22 11:20:00+00:00,2025-05-22 11:25:00+00:00,2025-05-22 14:07:00,FVG_bearish,sell,21138.035,21158.78071,21075.79786,21158.78071,loss,21167.6,21151.1,3.0,-20.745709999999235,-2074.5709999999235,1.0,9930.933590000011,9910.187880000012
387,388,2025-05-23 02:40:00+00:00,2025-05-23 02:45:00+00:00,2025-05-23 06:21:00,FVG_bullish,buy,21106.955,21094.41714,21144.56857,21144.56857,win,21145.5,21140.75,3.0,37.61356999999771,3761.356999999771,1.0,9910.187880000012,9947.80145000001
388,389,2025-05-23 12:40:00+00:00,2025-05-23 12:45:00+00:00,2025-05-23 12:52:00,FVG_bearish,sell,21096.09,21114.94571,21039.52286,21114.94571,loss,21116.15,21112.65,3.0,-18.855709999999817,-1885.5709999999817,1.0,9947.80145000001,9928.94574000001
389,390,2025-05-23 12:40:00+00:00,2025-05-23 12:45:00+00:00,2025-05-23 12:52:00,FVG_bearish,sell,21096.09,21114.94571,21039.52286,21114.94571,loss,21116.15,21112.65,3.0,-18.855709999999817,-1885.5709999999817,1.0,9928.94574000001,9910.09003000001
390,391,2025-05-26 01:50:00+00:00,2025-05-26 01:55:00+00:00,2025-05-26 02:06:00,FVG_bearish,sell,21101.615,21142.28286,20979.61143,21142.28286,loss,21143.8,21138.25,3.0,-40.667859999997745,-4066.7859999997745,1.0,9910.09003000001,9869.422170000013
391,392,2025-05-27 06:15:00+00:00,2025-05-27 06:20:00+00:00,2025-05-27 06:25:00,FVG_bullish,buy,21127.715,21119.12214,21153.49357,21119.12214,loss,21117.63,21113.75,3.0,-8.592860000000655,-859.2860000000655,1.0,9869.422170000013,9860.829310000012
392,393,2025-05-27 10:05:00+00:00,2025-05-27 10:10:00+00:00,2025-05-27 10:15:00,FVG_bearish,sell,21203.805,21214.73,21171.03,21214.73,loss,21218.88,21212.88,3.0,-10.924999999999272,-1092.4999999999272,1.0,9860.829310000012,9849.904310000013
393,394,2025-05-27 10:25:00+00:00,2025-05-27 10:30:00+00:00,2025-05-27 10:35:00,FVG_bearish,sell,21227.68,21240.015,21190.675,21240.015,loss,21267.55,21260.03,3.0,-12.334999999999127,-1233.4999999999127,1.0,9849.904310000013,9837.569310000014
394,395,2025-05-27 20:05:00+00:00,2025-05-27 20:10:00+00:00,2025-05-27 20:19:00,FVG_bearish,sell,21385.905,21400.69643,21341.53071,21400.69643,loss,21403.61,21391.03,3.0,-14.791430000001128,-1479.1430000001128,1.0,9837.569310000014,9822.777880000012
395,396,2025-05-28 10:30:00+00:00,2025-05-28 10:35:00+00:00,2025-05-28 10:54:00,FVG_bullish,buy,21393.505,21382.31357,21427.07929,21382.31357,loss,21384.25,21380.25,3.0,-11.191430000002583,-1119.1430000002583,1.0,9822.777880000012,9811.58645000001
396,397,2025-05-28 11:55:00+00:00,2025-05-28 12:00:00+00:00,2025-05-28 12:23:00,FVG_bullish,buy,21371.68,21361.02857,21403.63429,21361.02857,loss,21366.63,21356.75,3.0,-10.65143000000171,-1065.143000000171,1.0,9811.58645000001,9800.935020000008
397,398,2025-05-29 06:15:00+00:00,2025-05-29 06:20:00+00:00,2025-05-29 08:19:00,FVG_bearish,sell,21746.915,21763.39929,21697.46214,21763.39929,loss,21764.85,21761.35,3.0,-16.48429000000033,-1648.4290000000328,1.0,9800.935020000008,9784.450730000008
398,399,2025-05-30 15:35:00+00:00,2025-05-30 15:40:00+00:00,2025-05-30 16:18:00,FVG_bearish,sell,21279.83,21324.86714,21144.71857,21324.86714,loss,21332.4,21312.0,3.0,-45.037139999996725,-4503.7139999996725,1.0,9784.450730000008,9739.413590000011
399,400,2025-06-02 02:55:00+00:00,2025-06-02 03:00:00+00:00,2025-06-02 03:30:00,FVG_bullish,buy,21257.85,21245.06643,21296.20071,21245.06643,loss,21250.73,21241.35,3.0,-12.7835699999996,-1278.35699999996,1.0,9739.413590000011,9726.630020000011
400,401,2025-06-02 06:10:00+00:00,2025-06-02 06:15:00+00:00,2025-06-02 06:25:00,FVG_bullish,buy,21204.39,21193.48429,21237.10714,21193.48429,loss,21204.23,21191.85,3.0,-10.90570999999909,-1090.570999999909,1.0,9726.630020000011,9715.724310000012
401,402,2025-06-02 07:40:00+00:00,2025-06-02 07:45:00+00:00,2025-06-02 07:50:00,FVG_bullish,buy,21198.855,21190.47714,21223.98857,21190.47714,loss,21193.6,21188.85,3.0,-8.37786000000051,-837.786000000051,1.0,9715.724310000012,9707.346450000012
402,403,2025-06-02 07:40:00+00:00,2025-06-02 07:45:00+00:00,2025-06-02 07:50:00,FVG_bullish,buy,21198.855,21190.47714,21223.98857,21190.47714,loss,21193.6,21188.85,3.0,-8.37786000000051,-837.786000000051,1.0,9707.346450000012,9698.968590000011
403,404,2025-06-02 15:45:00+00:00,2025-06-02 15:50:00+00:00,2025-06-02 16:00:00,FVG_bearish,sell,21224.19,21240.95,21173.91,21240.95,loss,21247.75,21238.18,3.0,-16.760000000002037,-1676.0000000002037,1.0,9698.968590000011,9682.20859000001
404,405,2025-06-03 10:45:00+00:00,2025-06-03 10:50:00+00:00,2025-06-03 11:10:00,FVG_bullish,buy,21396.69,21378.83786,21450.24643,21378.83786,loss,21392.25,21378.75,3.0,-17.852139999999054,-1785.2139999999054,1.0,9682.20859000001,9664.35645000001
405,406,2025-06-03 16:05:00+00:00,2025-06-03 16:10:00+00:00,2025-06-03 16:30:00,FVG_bearish,sell,21498.725,21514.895,21450.215,21514.895,loss,21555.85,21505.4,3.0,-16.17000000000189,-1617.0000000001892,1.0,9664.35645000001,9648.186450000008
406,407,2025-06-04 06:25:00+00:00,2025-06-04 06:30:00+00:00,2025-06-04 06:35:00,FVG_bullish,buy,21638.48,21631.51,21659.39,21631.51,loss,21634.6,21631.23,3.0,-6.970000000001164,-697.0000000001164,1.0,9648.186450000008,9641.216450000007
407,408,2025-06-04 13:10:00+00:00,2025-06-04 13:15:00+00:00,2025-06-04 15:01:00,FVG_bearish,sell,21707.69,21718.20214,21676.15357,21718.20214,loss,21718.25,21712.25,3.0,-10.512140000002546,-1051.2140000002546,1.0,9641.216450000007,9630.704310000005
408,409,2025-06-05 09:45:00+00:00,2025-06-05 09:50:00+00:00,2025-06-05 10:15:00,FVG_bullish,buy,21702.565,21695.15571,21724.79286,21724.79286,win,21735.63,21723.13,3.0,22.227860000002693,2222.7860000002693,1.0,9630.704310000005,9652.932170000007
409,410,2025-06-05 22:55:00+00:00,2025-06-05 23:00:00+00:00,2025-06-05 23:15:00,FVG_bullish,buy,21579.145,21523.88929,21744.91214,21523.88929,loss,21545.83,21485.71,3.0,-55.25571000000127,-5525.571000000127,1.0,9652.932170000007,9597.676460000006
410,411,2025-06-06 13:20:00+00:00,2025-06-06 13:25:00+00:00,2025-06-06 14:01:00,FVG_bearish,sell,21650.505,21660.55714,21620.34857,21620.34857,win,21622.13,21609.5,3.0,30.15643000000273,3015.643000000273,1.0,9597.676460000006,9627.832890000009
411,412,2025-06-09 11:55:00+00:00,2025-06-09 12:00:00+00:00,2025-06-09 14:21:00,FVG_bearish,sell,21752.755,21765.06929,21715.81214,21765.06929,loss,21766.63,21755.38,3.0,-12.314289999998437,-1231.4289999998437,1.0,9627.832890000009,9615.51860000001
412,413,2025-06-09 11:55:00+00:00,2025-06-09 12:00:00+00:00,2025-06-09 14:21:00,FVG_bearish,sell,21752.755,21765.06929,21715.81214,21765.06929,loss,21766.63,21755.38,3.0,-12.314289999998437,-1231.4289999998437,1.0,9615.51860000001,9603.204310000012
413,414,2025-06-09 16:05:00+00:00,2025-06-09 16:10:00+00:00,2025-06-09 16:23:00,FVG_bearish,sell,21771.065,21781.70929,21739.13214,21781.70929,loss,21783.0,21777.25,3.0,-10.644290000000183,-1064.4290000000183,1.0,9603.204310000012,9592.560020000012
414,415,2025-06-09 17:15:00+00:00,2025-06-09 17:20:00+00:00,2025-06-09 17:26:00,FVG_bearish,sell,21807.295,21832.075,21732.955,21832.075,loss,21835.19,21825.11,3.0,-24.780000000002474,-2478.0000000002474,1.0,9592.560020000012,9567.78002000001
415,416,2025-06-10 10:45:00+00:00,2025-06-10 10:50:00+00:00,2025-06-10 12:32:00,FVG_bullish,buy,21749.69,21727.305,21816.845,21816.845,win,21817.88,21809.25,3.0,67.15500000000247,6715.500000000247,1.0,9567.78002000001,9634.935020000012
416,417,2025-06-10 11:15:00+00:00,2025-06-10 11:20:00+00:00,2025-06-10 15:46:00,FVG_bullish,buy,21768.44,21742.58214,21846.01357,21846.01357,win,21846.25,21839.13,3.0,77.57357000000047,7757.357000000047,1.0,9634.935020000012,9712.508590000012
417,418,2025-06-10 19:55:00+00:00,2025-06-10 20:00:00+00:00,2025-06-10 20:10:00,FVG_bearish,sell,21878.655,21892.73643,21836.41071,21892.73643,loss,21892.83,21882.82,3.0,-14.081430000002001,-1408.1430000002001,1.0,9712.508590000012,9698.42716000001
418,419,2025-06-11 08:25:00+00:00,2025-06-11 08:30:00+00:00,2025-06-11 08:35:00,FVG_bullish,buy,21868.665,21859.05714,21897.48857,21859.05714,loss,21862.1,21858.1,3.0,-9.607860000000073,-960.7860000000073,1.0,9698.42716000001,9688.81930000001
419,420,2025-06-11 10:55:00+00:00,2025-06-11 11:00:00+00:00,2025-06-11 11:32:00,FVG_bearish,sell,21903.255,21915.65714,21866.04857,21915.65714,loss,21919.88,21905.63,3.0,-12.402139999998326,-1240.2139999998326,1.0,9688.81930000001,9676.417160000012
420,421,2025-06-12 18:05:00+00:00,2025-06-12 18:10:00+00:00,2025-06-13 01:31:00,FVG_bearish,sell,21924.75,21949.13429,21851.59714,21851.59714,win,21854.35,21846.48,3.0,73.15285999999833,7315.285999999833,1.0,9676.417160000012,9749.57002000001
421,422,2025-06-13 05:05:00+00:00,2025-06-13 05:10:00+00:00,2025-06-13 05:24:00,FVG_bullish,buy,21570.48,21537.61357,21669.07929,21537.61357,loss,21551.35,21535.1,3.0,-32.86642999999822,-3286.6429999998218,1.0,9749.57002000001,9716.703590000012
422,423,2025-06-13 05:05:00+00:00,2025-06-13 05:10:00+00:00,2025-06-13 05:24:00,FVG_bullish,buy,21570.48,21537.61357,21669.07929,21537.61357,loss,21551.35,21535.1,3.0,-32.86642999999822,-3286.6429999998218,1.0,9716.703590000012,9683.837160000014
423,424,2025-06-16 10:35:00+00:00,2025-06-16 10:40:00+00:00,2025-06-16 10:50:00,FVG_bearish,sell,21749.625,21765.17857,21702.96429,21765.17857,loss,21772.38,21755.25,3.0,-15.553570000000036,-1555.3570000000036,1.0,9683.837160000014,9668.283590000014
424,425,2025-06-17 04:10:00+00:00,2025-06-17 04:15:00+00:00,2025-06-17 04:20:00,FVG_bullish,buy,21837.29,21815.30929,21903.23214,21815.30929,loss,21823.1,21813.85,3.0,-21.980709999999817,-2198.0709999999817,1.0,9668.283590000014,9646.302880000014
425,426,2025-06-17 12:55:00+00:00,2025-06-17 13:00:00+00:00,2025-06-17 13:37:00,FVG_bullish,buy,21807.99,21788.80143,21865.55571,21788.80143,loss,21795.18,21783.93,3.0,-19.188570000002073,-1918.8570000002073,1.0,9646.302880000014,9627.114310000012
426,427,2025-06-18 22:30:00+00:00,2025-06-18 22:35:00+00:00,2025-06-19 03:11:00,FVG_bullish,buy,21739.27,21683.045,21907.945,21683.045,loss,21693.98,21682.23,3.0,-56.22500000000218,-5622.500000000218,1.0,9627.114310000012,9570.88931000001
427,428,2025-06-19 04:05:00+00:00,2025-06-19 04:10:00+00:00,2025-06-19 04:15:00,FVG_bullish,buy,21655.975,21625.93857,21746.08429,21625.93857,loss,21631.73,21617.73,3.0,-30.03643000000011,-3003.643000000011,1.0,9570.88931000001,9540.85288000001
428,429,2025-06-19 16:50:00+00:00,2025-06-19 16:55:00+00:00,2025-06-19 17:01:00,FVG_bullish,buy,21476.615,21451.88214,21550.81357,21451.88214,loss,21464.85,21444.73,3.0,-24.732860000000073,-2473.2860000000073,1.0,9540.85288000001,9516.12002000001
429,430,2025-06-20 02:20:00+00:00,2025-06-20 02:25:00+00:00,2025-06-20 03:09:00,FVG_bearish,sell,21654.855,21676.17714,21590.88857,21676.17714,loss,21681.98,21662.6,3.0,-21.322140000000218,-2132.2140000000218,1.0,9516.12002000001,9494.79788000001
430,431,2025-06-20 12:35:00+00:00,2025-06-20 12:40:00+00:00,2025-06-20 14:37:00,FVG_bullish,buy,21660.19,21647.79786,21697.36643,21697.36643,win,21703.5,21696.75,3.0,37.17642999999953,3717.6429999999527,1.0,9494.79788000001,9531.974310000009
